matricule,adresse,sidebar_fields,modal_fields
3700-59-4755,N/A,12,0
3700-59-4899,N/A,12,0
4204-90-9611,N/A,12,0
4204-91-0730,N/A,12,0
4204-91-2113,N/A,12,0
3701-73-1971,N/A,12,0
3701-73-4611,N/A,12,0
3701-73-7624,N/A,12,0
3701-73-7789,N/A,12,0
3802-18-6337,N/A,12,0
3802-18-8264,N/A,12,0
3802-26-0518,N/A,11,0
3802-26-1836,N/A,12,0
3802-26-3912,N/A,12,0
3802-26-5738,N/A,12,0
3802-18-8522,N/A,12,0
3802-28-0308,N/A,12,0
4203-18-9820,N/A,12,0
4203-26-0987,N/A,12,0
4203-26-3762,N/A,11,0
4203-27-4000,N/A,12,0
4203-28-5490,N/A,12,0
4108-81-3813,N/A,12,0
3707-90-2974,N/A,11,0
3707-97-0331,N/A,12,0
3708-10-3552,N/A,12,0
3708-40-1482,N/A,12,0
3708-40-7210,N/A,12,0
3708-41-6761,N/A,12,0
3708-50-9922,N/A,12,0
3708-54-7730,N/A,12,0
3800-03-8681,N/A,12,0
3800-04-1095,N/A,12,0
3800-79-1013,N/A,12,0
3800-79-2499,N/A,12,0
3800-79-4254,N/A,12,0
3800-79-7053,N/A,12,0
3800-79-7964,N/A,12,0
3912-97-7554,N/A,11,0
4001-28-6550,N/A,11,0
4007-70-2161,N/A,12,0
3700-98-4269,N/A,11,0
3700-98-4438,N/A,12,0
3700-98-5527,N/A,12,0
3700-98-6278,N/A,12,0
3700-98-7606,N/A,12,0
3701-04-2889,N/A,12,0
3701-04-9652,N/A,12,0
3801-50-6356,N/A,12,0
3701-04-0781,N/A,12,0
3701-04-4268,N/A,12,0
4007-70-3442,N/A,12,0
4204-40-2233,N/A,12,0
3702-95-0564,N/A,12,0
3702-95-1881,N/A,12,0
3701-70-7501,N/A,12,0
3701-70-9445,N/A,12,0
3701-70-9592,N/A,12,0
3701-71-0434,N/A,12,0
4107-55-8640,N/A,12,0
4307-43-3998,N/A,12,0
4309-20-3710,N/A,12,0
4309-20-4140,N/A,12,0
4204-40-3415,N/A,12,0
4204-40-4303,N/A,12,0
3800-49-8074,N/A,12,0
3800-49-9001,N/A,12,0
4205-76-3387,N/A,12,0
4309-20-8711,N/A,12,0
4309-20-8924,N/A,12,0
4309-20-9136,N/A,12,0
3701-36-5423,N/A,12,0
4011-23-4392,N/A,11,0
4011-47-9225,N/A,11,0
4205-76-5595,N/A,12,0
4205-77-6842,N/A,12,0
4205-77-7604,N/A,12,0
4012-12-8235,N/A,12,0
4012-21-5537,N/A,12,0
4012-35-8275,N/A,11,0
4205-77-8518,N/A,12,0
4207-11-8755,N/A,12,0
4207-11-9641,N/A,12,0
4207-12-5104,N/A,12,0
4207-12-8840,N/A,12,0
3800-27-1863,N/A,12,0
3701-05-3536,N/A,12,0
3702-70-8787,N/A,12,0
3702-70-9922,N/A,12,0
3702-71-1129,N/A,12,0
4006-79-1867,N/A,12,0
4206-88-2791,N/A,12,0
3800-38-7237,N/A,12,0
3701-41-9989,N/A,12,0
3701-42-0724,N/A,12,0
3701-42-1454,N/A,12,0
3701-42-2517,N/A,12,0
3701-42-3147,N/A,12,0
3701-42-4841,N/A,12,0
3701-42-5490,N/A,12,0
3701-42-8326,N/A,12,0
3800-26-0269,N/A,12,0
3800-26-1181,N/A,12,0
3800-26-1638,N/A,12,0
3800-26-2093,N/A,12,0
3800-26-4980,N/A,12,0
3800-26-7937,N/A,12,0
3800-26-3056,N/A,12,0
3701-06-9592,N/A,12,0
3701-07-1177,N/A,11,0
3701-07-1910,N/A,11,0
3701-07-3430,N/A,11,0
3701-07-4850,N/A,11,0
3701-07-6270,N/A,11,0
3701-07-8454,N/A,12,0
3701-07-9974,N/A,12,0
3701-72-5899,N/A,12,0
4007-82-0640,N/A,12,0
3603-45-5915,N/A,12,0
3702-60-0025,N/A,12,0
3701-36-7813,N/A,12,0
3701-36-8198,N/A,12,0
3701-36-8564,N/A,12,0
3701-36-9804,N/A,12,0
3701-37-0086,N/A,12,0
3701-37-1424,N/A,12,0
3701-37-3815,N/A,12,0
3701-37-5907,N/A,12,0
3701-37-6290,N/A,12,0
3702-30-4744,N/A,12,0
3702-30-4805,N/A,12,0
3702-30-6631,N/A,12,0
4107-79-5644,N/A,12,0
4107-79-7595,N/A,12,0
4107-88-1859,N/A,12,0
3905-99-9072,N/A,12,0
3906-09-1803,N/A,12,0
4305-35-6681,N/A,12,0
4305-45-6489,N/A,12,0
4305-45-7227,N/A,12,0
4305-45-8511,N/A,12,0
4810-02-1487,N/A,12,0
3701-40-5072,N/A,12,0
4107-42-1754,N/A,12,0
4107-42-3960,N/A,12,0
4107-42-4128,N/A,12,0
4107-42-6724,N/A,12,0
4206-40-7502,N/A,12,0
4305-92-5434,N/A,11,0
4407-09-2322,N/A,12,0
4407-09-3939,N/A,12,0
4407-09-4299,N/A,12,0
4407-09-5389,N/A,12,0
4911-61-4492,N/A,12,0
4911-61-6121,N/A,12,0
4307-99-4212,N/A,12,0
4307-99-4280,N/A,12,0
4307-99-5401,N/A,12,0
4307-99-5470,N/A,12,0
4307-99-7492,N/A,12,0
4405-18-6059,N/A,12,0
4405-18-6909,N/A,12,0
4405-19-4389,N/A,12,0
4307-87-1400,N/A,12,0
4307-87-2558,N/A,12,0
4307-87-3491,N/A,12,0
4307-87-3648,N/A,12,0
4306-11-6908,N/A,12,0
4306-11-8019,N/A,12,0
4306-11-9030,N/A,12,0
4306-12-0920,N/A,12,0
3811-89-3809,N/A,12,0
4306-13-7067,N/A,12,0
4306-13-8471,N/A,12,0
4306-13-8511,N/A,12,0
3800-16-3253,N/A,12,0
3800-16-5785,N/A,12,0
3800-16-9257,N/A,12,0
3800-17-3102,N/A,12,0
3800-17-4114,N/A,12,0
3800-17-5026,N/A,12,0
3800-17-6443,N/A,12,0
3800-17-7103,N/A,12,0
3702-30-7882,N/A,12,0
3702-30-8518,N/A,12,0
3702-31-4416,N/A,12,0
3702-31-6135,N/A,12,0
3702-31-8169,N/A,12,0
4208-33-9759,N/A,12,0
3802-06-2619,N/A,12,0
3802-06-2849,N/A,12,0
3702-90-3252,N/A,12,0
3803-83-2933,N/A,12,0
3803-83-9033,N/A,11,0
3803-94-2683,N/A,12,0
3803-95-5718,N/A,11,0
4208-33-8988,N/A,12,0
3801-06-5800,N/A,12,0
3801-06-7117,N/A,12,0
3801-06-8637,N/A,12,0
4405-03-1246,N/A,11,0
4405-03-3162,N/A,11,0
4405-03-4812,N/A,11,0
4405-03-5077,N/A,11,0
4405-03-6627,N/A,11,0
4405-03-6893,N/A,11,0
4405-03-8604,N/A,11,0
4405-03-8644,N/A,11,0
4405-04-8709,N/A,11,0
4208-96-4246,N/A,12,0
4208-97-2484,N/A,12,0
4208-97-2731,N/A,12,0
4208-97-4639,N/A,12,0
4208-97-4790,N/A,12,0
4008-88-7378,N/A,12,0
4008-88-9937,N/A,12,0
3802-01-1364,N/A,12,0
3802-02-5625,N/A,11,0
3802-02-8870,N/A,12,0
3802-03-4086,N/A,12,0
3802-04-1287,N/A,12,0
3802-04-1335,N/A,12,0
3802-04-2552,N/A,12,0
3806-53-6737,N/A,12,0
3806-66-4942,N/A,12,0
3806-66-8807,N/A,12,0
3801-60-6296,N/A,12,0
3801-60-7060,N/A,12,0
3801-70-0929,N/A,12,0
3807-16-1838,N/A,12,0
3807-16-5018,N/A,12,0
3807-24-1796,N/A,12,0
3700-88-6671,N/A,12,0
3700-88-8199,N/A,12,0
3700-88-8850,N/A,12,0
3700-88-9289,N/A,12,0
3700-89-0651,N/A,12,0
3700-89-2710,N/A,12,0
3700-89-4396,N/A,12,0
3700-89-5921,N/A,12,0
3700-89-7010,N/A,12,0
3700-89-8951,N/A,12,0
3701-43-8789,N/A,12,0
3701-43-9353,N/A,12,0
3701-44-1968,N/A,12,0
3701-44-5303,N/A,12,0
3701-44-7947,N/A,12,0
3801-70-2144,N/A,12,0
3801-70-3411,N/A,12,0
3801-70-3562,N/A,12,0
3802-27-5968,N/A,12,0
3802-27-7954,N/A,12,0
4307-96-4650,N/A,12,0
4307-96-5483,N/A,12,0
4107-59-7156,N/A,12,0
4107-59-8743,N/A,12,0
4109-74-9563,N/A,12,0
4306-24-5538,N/A,12,0
4306-25-7855,N/A,12,0
4208-45-2276,N/A,12,0
4208-45-3028,N/A,12,0
4208-45-5148,N/A,12,0
4208-45-6730,N/A,12,0
4208-45-8210,N/A,12,0
4208-45-9595,N/A,12,0
4208-46-1400,N/A,12,0
4208-46-3277,N/A,12,0
4406-86-2005,N/A,12,0
4308-60-8998,N/A,12,0
4307-53-3685,N/A,12,0
4307-53-4317,N/A,12,0
4307-53-4899,N/A,12,0
4307-53-7305,N/A,12,0
4207-07-8320,N/A,12,0
4207-07-9488,N/A,12,0
4208-65-3470,N/A,12,0
4206-97-2354,N/A,12,0
4208-32-1725,N/A,12,0
4208-66-1297,N/A,12,0
4208-66-2776,N/A,12,0
4206-98-3088,N/A,12,0
4206-98-3133,N/A,12,0
4206-98-3875,N/A,12,0
4206-98-4763,N/A,12,0
4208-43-4611,N/A,12,0
4305-19-0015,N/A,12,0
4305-19-1026,N/A,12,0
4208-32-3339,N/A,12,0
4208-32-4618,N/A,12,0
4207-93-5075,N/A,12,0
4207-93-6259,N/A,12,0
4205-98-9757,N/A,12,0
4205-99-0214,N/A,12,0
4205-99-1842,N/A,11,0
4307-26-2035,N/A,12,0
4307-26-2190,N/A,12,0
4307-26-3908,N/A,12,0
4307-26-7740,N/A,12,0
4307-26-8686,N/A,12,0
4307-26-9022,N/A,12,0
4307-26-9965,N/A,12,0
4307-51-0177,N/A,12,0
3802-08-7799,N/A,12,0
3802-08-7907,N/A,12,0
3802-08-9327,N/A,12,0
3802-14-0679,N/A,12,0
3802-14-2553,N/A,12,0
3802-26-6999,N/A,12,0
4407-47-3335,N/A,12,0
3701-44-9873,N/A,12,0
3701-45-0515,N/A,12,0
3701-45-1696,N/A,12,0
3701-45-6834,N/A,12,0
3701-46-0489,N/A,12,0
4508-44-8693,N/A,12,0
4206-66-2853,N/A,11,0
3701-74-9574,N/A,11,0
3701-45-7467,N/A,12,0
3700-68-2185,N/A,12,0
3701-75-1417,N/A,12,0
3701-75-4292,N/A,12,0
3698-67-9002,N/A,11,0
3700-59-6240,N/A,12,0
4910-79-1407,N/A,12,0
3700-68-4486,N/A,12,0
3700-68-4665,N/A,11,0
3800-58-2267,N/A,12,0
3800-58-3486,N/A,12,0
3700-59-6284,N/A,12,0
3700-59-7725,N/A,12,0
3700-59-7970,N/A,12,0
3700-59-9312,N/A,12,0
3700-59-9654,N/A,12,0
3700-68-0799,N/A,12,0
3800-58-7038,N/A,12,0
3800-58-7950,N/A,12,0
3800-58-8508,N/A,12,0
3800-58-9420,N/A,12,0
3801-60-7972,N/A,12,0
3812-94-9024,N/A,12,0
4208-85-0248,N/A,12,0
4208-85-1960,N/A,12,0
3702-71-4112,N/A,12,0
4008-97-2696,N/A,12,0
4008-99-0387,N/A,12,0
4009-32-9455,N/A,12,0
4107-37-7461,N/A,12,0
4107-37-8975,N/A,12,0
4107-38-2098,N/A,12,0
4107-38-8213,N/A,12,0
4107-39-7471,N/A,12,0
3702-84-3719,N/A,12,0
3702-84-3764,N/A,12,0
3702-84-5254,N/A,12,0
3702-85-2785,N/A,12,0
3702-85-4227,N/A,12,0
4307-65-3944,N/A,12,0
4307-65-8666,N/A,12,0
4307-65-9649,N/A,12,0
5011-41-4868,N/A,12,0
5012-00-2440,N/A,12,0
3702-71-6647,N/A,12,0
4206-41-1457,N/A,12,0
3701-52-5083,N/A,12,0
3701-53-0482,N/A,12,0
3701-53-1743,N/A,12,0
3701-56-0797,N/A,12,0
3701-56-0806,N/A,12,0
4107-17-9635,N/A,12,0
4107-52-1639,N/A,12,0
4107-52-1660,N/A,12,0
4107-63-0328,N/A,12,0
4107-63-3397,N/A,12,0
4205-47-2929,N/A,12,0
4205-48-6280,N/A,12,0
4205-48-7093,N/A,12,0
4205-48-8842,N/A,12,0
4205-48-9858,N/A,12,0
4205-49-1941,N/A,12,0
4205-49-3233,N/A,12,0
4107-84-8049,N/A,12,0
3800-66-1288,N/A,12,0
3800-66-1998,N/A,12,0
4407-08-7064,N/A,12,0
4507-67-1144,N/A,11,0
4108-92-5152,N/A,12,0
4205-49-8023,N/A,12,0
4205-49-8560,N/A,12,0
4205-49-8994,N/A,12,0
3702-71-4881,N/A,12,0
4108-92-6835,N/A,12,0
4108-92-9605,N/A,12,0
4108-93-0285,N/A,12,0
4108-93-2911,N/A,12,0
4108-93-4824,N/A,12,0
4108-93-5943,N/A,12,0
4107-40-3155,N/A,12,0
4107-40-4467,N/A,12,0
4205-49-3392,N/A,12,0
4205-49-4322,N/A,12,0
4205-49-4684,N/A,12,0
4205-49-5614,N/A,12,0
4205-49-5976,N/A,12,0
4205-49-7268,N/A,12,0
3800-37-4520,N/A,12,0
3702-71-7864,N/A,12,0
3702-72-0612,N/A,12,0
4305-17-4924,N/A,12,0
4305-17-5138,N/A,12,0
4305-17-5196,N/A,12,0
4305-17-8658,N/A,12,0
4305-17-9647,N/A,12,0
4305-18-0666,N/A,11,0
4305-18-1283,N/A,12,0
4305-18-2029,N/A,12,0
4305-18-2295,N/A,12,0
4306-12-2355,N/A,12,0
4306-12-2500,N/A,12,0
3910-65-2923,N/A,11,0
3910-81-4540,N/A,11,0
3910-81-6901,N/A,12,0
3910-90-0946,N/A,11,0
3911-04-7573,N/A,12,0
3911-05-2358,N/A,12,0
3911-05-4712,N/A,12,0
3911-12-3053,N/A,11,0
3911-14-1619,N/A,12,0
3911-14-8616,N/A,12,0
4006-34-9043,N/A,12,0
4006-34-9703,N/A,12,0
4006-35-2771,N/A,11,0
4006-35-4790,N/A,11,0
4006-35-6713,N/A,12,0
4009-72-5275,N/A,12,0
4009-83-1030,N/A,11,0
4107-36-0394,N/A,12,0
4107-36-2807,N/A,12,0
4205-79-3404,N/A,11,0
4205-79-3666,N/A,12,0
3702-72-2979,N/A,12,0
3702-72-7280,N/A,12,0
3702-93-1873,N/A,12,0
3702-93-3660,N/A,12,0
3702-93-5587,N/A,12,0
3702-93-9025,N/A,11,0
3702-94-0880,N/A,12,0
3702-94-3363,N/A,12,0
3701-71-2161,N/A,12,0
3701-71-3747,N/A,12,0
3803-51-8963,N/A,12,0
3803-60-5110,N/A,11,0
3803-62-2221,N/A,11,0
3803-62-5615,N/A,11,0
3803-62-7745,N/A,11,0
3911-33-8617,N/A,12,0
3912-74-8258,N/A,11,0
4204-90-5763,N/A,12,0
4204-90-6550,N/A,12,0
4204-90-7438,N/A,12,0
4204-90-8426,N/A,12,0
3800-37-5710,N/A,12,0
3700-77-7680,N/A,12,0
3700-77-8239,N/A,12,0
3700-78-5893,N/A,12,0
3700-78-6461,N/A,12,0
3700-78-8484,N/A,12,0
3700-79-2201,N/A,12,0
3700-79-2542,N/A,12,0
3700-79-3828,N/A,12,0
3701-05-6026,N/A,12,0
3701-83-3676,N/A,12,0
3701-83-4425,N/A,12,0
3701-83-4963,N/A,12,0
3701-83-6249,N/A,12,0
3800-37-3329,N/A,12,0
4106-37-4749,N/A,12,0
4305-17-4210,N/A,12,0
4306-12-3131,N/A,12,0
4306-12-4365,N/A,12,0
4306-12-4511,N/A,12,0
4306-12-5228,N/A,12,0
4306-12-6633,N/A,12,0
4306-12-7349,N/A,12,0
3702-84-1527,N/A,12,0
3800-47-7717,N/A,12,0
3800-47-9441,N/A,12,0
3800-48-1086,N/A,12,0
3800-48-1415,N/A,12,0
3800-48-2833,N/A,12,0
3800-48-3745,N/A,12,0
3800-48-4757,N/A,12,0
3800-48-5670,N/A,12,0
4005-56-5489,N/A,12,0
4005-57-1534,N/A,12,0
4006-00-0467,N/A,12,0
4006-00-1406,N/A,12,0
4006-00-2393,N/A,12,0
3700-99-0040,N/A,12,0
3700-99-0875,N/A,12,0
3700-99-1129,N/A,12,0
3700-99-2162,N/A,12,0
4307-98-4568,N/A,12,0
4307-98-5647,N/A,12,0
4307-98-6591,N/A,12,0
4307-98-7681,N/A,12,0
4208-23-0974,N/A,12,0
4208-23-2690,N/A,12,0
4208-23-4516,N/A,12,0
4208-23-6434,N/A,12,0
4208-24-0559,N/A,12,0
4208-61-8389,N/A,12,0
4208-62-2500,N/A,12,0
4208-62-4115,N/A,12,0
3601-96-9069,N/A,11,0
3601-97-8237,N/A,11,0
3601-97-9657,N/A,11,0
3604-86-7615,N/A,12,0
3607-50-4923,N/A,12,0
3607-50-8672,N/A,12,0
3607-61-1309,N/A,12,0
3607-61-6272,N/A,12,0
3607-72-3570,N/A,12,0
3700-69-1240,N/A,12,0
3700-69-2527,N/A,12,0
3700-69-2694,N/A,12,0
3701-70-0669,N/A,12,0
3800-38-5414,N/A,12,0
3800-38-6426,N/A,12,0
3700-69-5566,N/A,12,0
3700-69-6953,N/A,12,0
3700-69-9252,N/A,12,0
3700-77-5898,N/A,12,0
3701-06-0590,N/A,11,0
3701-06-8906,N/A,12,0
4106-29-9671,N/A,12,0
3701-39-6731,N/A,12,0
4106-39-0756,N/A,12,0
4106-39-1940,N/A,12,0
4106-48-0250,N/A,12,0
4107-30-1839,N/A,12,0
3701-40-2783,N/A,12,0
3800-34-8616,N/A,11,0
3800-34-9788,N/A,12,0
4207-01-2892,N/A,12,0
4305-92-3518,N/A,11,0
4107-91-4274,N/A,12,0
4207-75-1206,N/A,12,0
4107-90-0372,N/A,12,0
4107-90-1785,N/A,12,0
4107-90-3097,N/A,12,0
4107-91-0237,N/A,12,0
4107-94-6365,N/A,12,0
4107-95-1137,N/A,12,0
4107-95-1924,N/A,12,0
4107-95-3012,N/A,12,0
4306-23-5981,N/A,12,0
4307-78-3679,N/A,12,0
4307-78-4769,N/A,12,0
4307-78-5959,N/A,12,0
4307-78-6810,N/A,12,0
3800-35-2503,N/A,12,0
3800-35-2690,N/A,12,0
3800-35-4040,N/A,12,0
3800-35-5053,N/A,12,0
3800-35-6421,N/A,12,0
3800-35-6571,N/A,12,0
3800-35-7433,N/A,12,0
3800-35-7888,N/A,12,0
3800-35-8345,N/A,12,0
3800-35-9357,N/A,12,0
3801-60-5081,N/A,12,0
4307-96-5740,N/A,12,0
4307-96-6672,N/A,12,0
4307-96-6919,N/A,12,0
4307-96-7762,N/A,12,0
4307-96-9953,N/A,12,0
4307-97-0287,N/A,12,0
4307-97-0627,N/A,12,0
4307-97-1716,N/A,12,0
4307-97-2806,N/A,12,0
4307-97-3964,N/A,12,0
4307-97-5154,N/A,12,0
4207-95-4394,N/A,12,0
4207-95-9227,N/A,12,0
4614-87-5704,N/A,12,0
4305-19-4317,N/A,12,0
4206-64-4592,N/A,11,0
4307-80-5836,N/A,12,0
4307-80-6865,N/A,12,0
4307-80-7989,N/A,12,0
4307-80-8118,N/A,12,0
4307-80-9036,N/A,12,0
4307-81-0624,N/A,12,0
4308-29-7961,N/A,12,0
4308-29-8174,N/A,12,0
4308-29-8386,N/A,12,0
4308-29-8599,N/A,12,0
3702-92-1280,N/A,11,0
3702-92-5053,N/A,12,0
3702-92-7467,N/A,11,0
3702-95-3099,N/A,12,0
3702-95-4937,N/A,12,0
3800-69-2521,N/A,12,0
3800-69-4903,N/A,11,0
3800-69-5357,N/A,12,0
4208-13-7643,N/A,12,0
4208-13-9259,N/A,12,0
4208-13-9593,N/A,12,0
4208-14-0273,N/A,12,0
4108-33-0768,N/A,12,0
4108-40-1588,N/A,12,0
4108-40-1830,N/A,12,0
4108-40-2974,N/A,12,0
4108-40-4454,N/A,12,0
4108-40-5637,N/A,12,0
4108-40-7903,N/A,12,0
4207-21-7221,N/A,12,0
4108-61-2433,N/A,12,0
4107-96-0881,N/A,12,0
4305-19-3206,N/A,12,0
4107-68-5245,N/A,12,0
4107-95-6081,N/A,12,0
4107-95-7128,N/A,12,0
4107-95-9015,N/A,12,0
4107-67-8599,N/A,12,0
4107-67-9511,N/A,12,0
4206-65-9734,N/A,12,0
4206-66-0857,N/A,12,0
4206-66-1644,N/A,12,0
4206-66-2287,N/A,12,0
4206-66-2634,N/A,12,0
4206-40-9846,N/A,12,0
4307-42-8361,N/A,12,0
5011-09-3790,N/A,12,0
4107-41-3365,N/A,12,0
4107-41-3929,N/A,12,0
4107-41-4779,N/A,12,0
4107-41-6886,N/A,12,0
4206-46-4667,N/A,12,0
4206-82-2902,N/A,12,0
4206-82-4116,N/A,12,0
4206-82-6246,N/A,12,0
4206-82-6725,N/A,12,0
4107-11-9846,N/A,12,0
4107-14-8880,N/A,12,0
4107-65-2533,N/A,11,0
4306-23-5020,N/A,12,0
4206-07-9342,N/A,12,0
4305-08-2545,N/A,12,0
4305-08-2873,N/A,12,0
4305-08-4062,N/A,12,0
4305-08-9072,N/A,12,0
4305-08-9454,N/A,12,0
4305-09-1502,N/A,12,0
4305-09-4050,N/A,12,0
4305-35-5597,N/A,12,0
4305-35-6232,N/A,12,0
4206-42-9949,N/A,11,0
4206-46-2485,N/A,12,0
4208-14-1510,N/A,12,0
4208-14-2090,N/A,12,0
4208-14-5108,N/A,12,0
4307-43-9945,N/A,12,0
4307-44-2224,N/A,12,0
4307-44-3944,N/A,12,0
4307-44-5112,N/A,12,0
4307-44-6326,N/A,12,0
4307-44-7179,N/A,12,0
4307-44-8392,N/A,12,0
3701-25-4980,N/A,12,0
3701-28-8416,N/A,12,0
3701-28-9834,N/A,12,0
3801-80-4804,N/A,12,0
3801-80-5660,N/A,12,0
3801-80-8124,N/A,12,0
4207-22-4020,N/A,12,0
3701-29-3057,N/A,12,0
3701-29-5713,N/A,12,0
3701-29-8553,N/A,12,0
3701-30-9695,N/A,12,0
4107-58-6041,N/A,12,0
4107-58-6782,N/A,12,0
4107-58-8064,N/A,12,0
4107-58-9246,N/A,12,0
3701-36-0709,N/A,12,0
3701-36-2090,N/A,12,0
3701-36-2635,N/A,12,0
4107-87-4216,N/A,12,0
4107-87-4468,N/A,12,0
4107-87-5553,N/A,12,0
3800-56-4706,N/A,11,0
4107-59-5276,N/A,12,0
4107-59-5400,N/A,12,0
4203-29-1421,N/A,12,0
4203-29-2433,N/A,12,0
4203-29-3345,N/A,12,0
4203-29-4357,N/A,12,0
4404-66-9422,N/A,12,0
4404-77-7275,N/A,12,0
4404-88-0732,N/A,12,0
3701-36-4181,N/A,12,0
4100-10-7946,N/A,11,0
4101-15-7012,N/A,11,0
4207-22-3033,N/A,12,0
3701-61-2403,N/A,12,0
3910-54-2048,N/A,12,0
3910-54-8598,N/A,12,0
4006-78-1596,N/A,12,0
4006-78-3781,N/A,12,0
4006-89-2723,N/A,12,0
4107-98-3476,N/A,12,0
4107-98-4460,N/A,12,0
4107-98-5545,N/A,12,0
4107-98-5696,N/A,12,0
4207-22-7952,N/A,12,0
4207-27-1656,N/A,12,0
4207-27-3472,N/A,12,0
4207-27-4935,N/A,12,0
4207-27-4986,N/A,12,0
4207-27-6298,N/A,12,0
4207-28-1199,N/A,12,0
4207-28-1518,N/A,12,0
4208-75-2392,N/A,12,0
4208-75-6925,N/A,12,0
3701-42-8594,N/A,12,0
3701-43-2800,N/A,12,0
3701-43-6718,N/A,12,0
3701-43-7196,N/A,12,0
3701-43-7561,N/A,12,0
3701-46-0753,N/A,12,0
3701-46-5750,N/A,12,0
3701-47-0773,N/A,12,0
3701-47-0939,N/A,12,0
3701-47-7544,N/A,12,0
3701-48-0859,N/A,12,0
3701-48-2519,N/A,12,0
3701-48-3647,N/A,12,0
3701-48-6606,N/A,12,0
3701-49-1955,N/A,12,0
3701-49-2391,N/A,12,0
3701-49-4278,N/A,12,0
3701-52-4853,N/A,12,0
4107-20-5992,N/A,12,0
4107-20-6121,N/A,12,0
4306-25-8965,N/A,12,0
3701-61-3039,N/A,12,0
3701-61-4292,N/A,12,0
3701-76-7311,N/A,12,0
4306-26-0828,N/A,12,0
4306-26-2503,N/A,12,0
4306-26-2544,N/A,11,0
4307-07-5707,N/A,12,0
4307-09-5445,N/A,12,0
4307-10-0365,N/A,12,0
3701-74-8124,N/A,12,0
3701-76-5469,N/A,12,0
4206-97-0623,N/A,12,0
4206-99-8747,N/A,12,0
4206-99-9634,N/A,12,0
4207-00-0326,N/A,12,0
4207-00-4584,N/A,12,0
4207-00-5965,N/A,12,0
4306-02-1415,N/A,12,0
4306-02-2074,N/A,12,0
4206-56-4210,N/A,12,0
3701-60-6006,N/A,12,0
3701-60-7260,N/A,12,0
3701-60-9539,N/A,12,0
3701-61-0760,N/A,12,0
3701-61-1016,N/A,12,0
3701-61-1850,N/A,12,0
3701-61-4922,N/A,12,0
3701-61-5679,N/A,12,0
3701-74-1728,N/A,12,0
3701-74-1860,N/A,12,0
3701-74-3320,N/A,12,0
3701-74-4810,N/A,12,0
3701-74-5144,N/A,12,0
3701-74-6300,N/A,12,0
3701-74-6735,N/A,12,0
3701-76-7758,N/A,12,0
3701-79-6447,N/A,12,0
3701-83-1851,N/A,12,0
3701-83-3138,N/A,12,0
3701-84-7803,N/A,12,0
3701-85-1000,N/A,12,0
3701-85-8109,N/A,12,0
3701-86-0247,N/A,12,0
3801-70-9809,N/A,12,0
3906-09-3068,N/A,12,0
3701-86-1770,N/A,12,0
3701-86-2594,N/A,12,0
3701-86-4227,N/A,12,0
3905-86-5254,N/A,12,0
3905-86-6572,N/A,12,0
4107-01-0001,N/A,12,0
4107-01-0043,N/A,12,0
4107-01-1616,N/A,12,0
4107-68-9485,N/A,12,0
4305-92-5699,N/A,11,0
4305-92-7310,N/A,11,0
4107-79-4061,N/A,12,0
4107-79-4130,N/A,12,0
3701-86-6314,N/A,12,0
3801-70-6247,N/A,12,0
3801-70-7159,N/A,12,0
3801-70-8071,N/A,12,0
3801-70-9083,N/A,12,0
4306-24-4427,N/A,12,0
4208-40-3861,N/A,12,0
4208-40-6954,N/A,12,0
4208-40-8469,N/A,12,0
4208-40-8607,N/A,12,0
4208-41-0181,N/A,12,0
4208-41-1796,N/A,12,0
4208-41-2847,N/A,12,0
4208-41-4326,N/A,12,0
4208-41-4363,N/A,12,0
4208-06-0931,N/A,12,0
4306-24-3863,N/A,12,0
4405-28-4798,N/A,12,0
4405-28-6870,N/A,12,0
4405-29-1393,N/A,12,0
4405-29-3047,N/A,12,0
4405-29-3824,N/A,12,0
4307-43-6956,N/A,12,0
4307-25-5487,N/A,12,0
4307-25-6670,N/A,12,0
4107-91-2256,N/A,12,0
4207-92-6314,N/A,12,0
4207-92-7202,N/A,12,0
4207-92-8043,N/A,12,0
3701-90-1379,N/A,12,0
3701-95-3795,N/A,12,0
3701-95-5782,N/A,12,0
3701-95-5839,N/A,12,0
3701-96-0025,N/A,12,0
3800-68-4022,N/A,12,0
3800-68-5135,N/A,12,0
3800-68-5808,N/A,12,0
3800-68-6249,N/A,11,0
3800-68-6820,N/A,12,0
3800-68-7934,N/A,12,0
3800-69-8245,N/A,12,0
3800-69-9663,N/A,12,0
3800-78-1381,N/A,12,0
3800-78-2333,N/A,12,0
4108-80-4662,N/A,12,0
4108-80-5439,N/A,12,0
4108-80-6379,N/A,12,0
4305-54-0004,N/A,12,0
4306-02-9636,N/A,12,0
4306-04-9531,N/A,12,0
4306-05-0765,N/A,12,0
4306-05-1552,N/A,12,0
4306-05-7665,N/A,12,0
4306-05-8775,N/A,12,0
4306-05-9885,N/A,12,0
4307-41-3227,N/A,12,0
4307-41-3283,N/A,12,0
4307-41-4114,N/A,12,0
4307-41-5846,N/A,12,0
4307-41-6100,N/A,12,0
4009-40-7502,N/A,12,0
4009-49-8055,N/A,12,0
4009-84-1666,N/A,12,0
4009-62-7807,N/A,12,0
4208-72-0106,N/A,12,0
4208-75-1965,N/A,12,0
4208-77-4559,N/A,12,0
4208-77-5609,N/A,12,0
4208-77-6271,N/A,12,0
4308-26-9436,N/A,12,0
4308-27-0954,N/A,12,0
4305-07-3441,N/A,12,0
4305-07-4055,N/A,12,0
4305-07-4668,N/A,12,0
4305-07-5382,N/A,12,0
4305-07-6228,N/A,12,0
4305-07-6842,N/A,12,0
4305-07-7456,N/A,12,0
4305-09-9682,N/A,12,0
4305-15-1279,N/A,11,0
4106-95-6191,N/A,12,0
4106-97-6300,N/A,12,0
4106-97-8485,N/A,12,0
4106-98-1131,N/A,12,0
4106-98-3455,N/A,12,0
4107-01-7908,N/A,12,0
4107-01-9623,N/A,12,0
4107-03-0079,N/A,12,0
4107-03-1323,N/A,12,0
4107-03-1763,N/A,12,0
4107-03-3345,N/A,12,0
4107-03-4397,N/A,12,0
3702-40-7064,N/A,12,0
3702-40-7912,N/A,12,0
3702-41-0814,N/A,12,0
3702-41-7584,N/A,12,0
3702-41-9355,N/A,12,0
3702-42-6855,N/A,12,0
3702-50-0037,N/A,12,0
3702-62-4995,N/A,12,0
3702-62-7627,N/A,12,0
3702-50-3113,N/A,12,0
3702-50-5656,N/A,12,0
3702-50-7482,N/A,12,0
3702-50-7940,N/A,12,0
3702-61-9812,N/A,12,0
3702-62-0209,N/A,12,0
3702-62-2136,N/A,12,0
3800-08-6025,N/A,12,0
3702-63-5121,N/A,12,0
3702-63-5343,N/A,12,0
3702-63-5564,N/A,12,0
3702-64-6356,N/A,12,0
3702-64-6580,N/A,12,0
3702-73-7737,N/A,12,0
3702-74-1987,N/A,12,0
3702-75-3204,N/A,12,0
3702-75-4421,N/A,12,0
3702-75-5739,N/A,12,0
3702-82-8097,N/A,12,0
3800-17-7862,N/A,12,0
3800-24-0863,N/A,12,0
3800-33-4586,N/A,12,0
3702-91-0950,N/A,12,0
3707-78-3457,N/A,12,0
3707-78-9310,N/A,12,0
3707-79-1134,N/A,12,0
3707-79-6018,N/A,12,0
3800-08-5905,N/A,11,0
3800-13-8609,N/A,12,0
3800-14-0291,N/A,12,0
3800-14-1724,N/A,12,0
3800-14-3548,N/A,12,0
3800-14-7032,N/A,12,0
3800-14-9373,N/A,12,0
3800-14-9812,N/A,12,0
3800-15-1659,N/A,12,0
3800-15-2218,N/A,12,0
3800-15-2571,N/A,12,0
3800-15-3230,N/A,12,0
3800-16-0366,N/A,12,0
4107-74-5194,N/A,12,0
4107-74-5931,N/A,12,0
4107-74-7116,N/A,12,0
4107-74-8100,N/A,12,0
4107-74-8152,N/A,12,0
4107-74-9337,N/A,12,0
4205-97-6073,N/A,12,0
4208-42-3648,N/A,12,0
4208-42-5667,N/A,12,0
4208-42-9199,N/A,12,0
4107-73-2008,N/A,11,0
4208-53-7283,N/A,12,0
4305-53-6912,N/A,12,0
4305-53-8677,N/A,12,0
4305-53-9762,N/A,12,0
4307-12-7963,N/A,12,0
4306-23-6845,N/A,11,0
4305-44-8919,N/A,12,0
4305-44-9696,N/A,12,0
4305-45-2208,N/A,12,0
4305-45-2985,N/A,12,0
4305-45-4071,N/A,12,0
4305-82-9150,N/A,11,0
4107-87-6538,N/A,12,0
4107-87-8710,N/A,12,0
4107-88-0346,N/A,12,0
3905-85-2130,N/A,12,0
3905-85-5892,N/A,12,0
3905-86-0056,N/A,12,0
3905-86-1374,N/A,12,0
4108-80-2845,N/A,12,0
4306-15-1095,N/A,12,0
4306-15-2816,N/A,12,0
4306-15-3461,N/A,12,0
4306-15-3926,N/A,12,0
4306-15-4571,N/A,12,0
4107-52-1502,N/A,12,0
4107-52-1620,N/A,12,0
3800-67-0374,N/A,12,0
3800-68-2864,N/A,12,0
3800-68-3309,N/A,12,0
3801-50-8264,N/A,12,0
3801-50-9082,N/A,12,0
3801-50-9409,N/A,12,0
3801-60-2300,N/A,12,0
3801-60-3967,N/A,12,0
4107-65-4209,N/A,12,0
3802-36-8585,N/A,12,0
3905-86-7319,N/A,12,0
3905-87-5330,N/A,12,0
3905-87-6649,N/A,12,0
3905-88-5660,N/A,12,0
3905-91-8970,N/A,12,0
3905-91-9983,N/A,12,0
3905-96-0267,N/A,12,0
4005-01-3963,N/A,12,0
4005-01-5789,N/A,12,0
4307-50-0367,N/A,12,0
4307-50-1676,N/A,12,0
4307-86-6356,N/A,12,0
4307-86-6424,N/A,12,0
4307-86-7446,N/A,12,0
4307-86-8536,N/A,12,0
4307-86-9794,N/A,12,0
4307-87-1270,N/A,12,0
4307-12-3834,N/A,12,0
4107-65-3125,N/A,12,0
4107-65-3997,N/A,12,0
4107-65-8093,N/A,12,0
4107-66-1438,N/A,12,0
4204-40-9063,N/A,12,0
4007-60-8765,N/A,12,0
4007-61-5102,N/A,12,0
4007-61-6621,N/A,12,0
4007-61-7456,N/A,12,0
4007-61-9032,N/A,12,0
4007-62-4523,N/A,12,0
4007-62-7249,N/A,12,0
4007-62-9470,N/A,12,0
4007-70-0879,N/A,12,0
4007-71-3776,N/A,12,0
4208-96-2534,N/A,12,0
4009-40-7099,N/A,12,0
4110-64-8117,N/A,11,0
4110-68-0812,N/A,11,0
4305-27-6015,N/A,12,0
4112-43-5333,N/A,11,0
4112-66-5027,N/A,11,0
4112-70-3861,N/A,11,0
4107-65-1739,N/A,12,0
4107-66-2962,N/A,12,0
4107-66-3850,N/A,12,0
4108-30-2542,N/A,11,0
4108-30-8205,N/A,12,0
4108-31-2399,N/A,12,0
4108-31-5851,N/A,12,0
4108-31-7627,N/A,12,0
4108-31-9101,N/A,12,0
4612-69-6371,N/A,12,0
4612-69-6394,N/A,12,0
4612-69-6430,N/A,12,0
4612-69-8795,N/A,12,0
4612-76-1938,N/A,12,0
4305-27-5195,N/A,12,0
4305-29-0104,N/A,12,0
4305-29-1115,N/A,12,0
4508-16-9461,N/A,12,0
4609-86-9748,N/A,12,0
4612-02-5806,N/A,12,0
4612-12-9487,N/A,11,0
5314-98-8497,N/A,12,0
5315-54-8893,N/A,12,0
4508-81-0487,N/A,12,0
4508-47-6427,N/A,12,0
4508-47-7496,N/A,12,0
4508-47-8679,N/A,12,0
4508-47-9764,N/A,12,0
4208-02-6942,N/A,12,0
4307-14-1340,N/A,12,0
4307-14-2424,N/A,12,0
4307-14-3508,N/A,12,0
4307-14-4058,N/A,12,0
4307-14-5339,N/A,12,0
4307-14-6620,N/A,12,0
4307-14-7889,N/A,12,0
4307-14-7901,N/A,12,0
4107-30-1396,N/A,12,0
4107-30-1457,N/A,12,0
4107-31-5456,N/A,12,0
4107-31-5596,N/A,12,0
4107-31-7068,N/A,12,0
4107-31-8381,N/A,12,0
4107-76-0541,N/A,12,0
4107-76-1875,N/A,12,0
4107-76-2512,N/A,12,0
4207-29-8774,N/A,12,0
4207-29-9319,N/A,12,0
4207-31-2308,N/A,12,0
4207-31-4023,N/A,12,0
4206-94-5615,N/A,12,0
4206-94-6190,N/A,12,0
4206-94-7076,N/A,12,0
4206-94-7964,N/A,12,0
4206-95-9978,N/A,12,0
4207-00-7444,N/A,12,0
4107-03-8191,N/A,12,0
4107-04-0061,N/A,12,0
4107-05-4301,N/A,12,0
4007-71-2362,N/A,12,0
4107-05-4907,N/A,12,0
4107-05-5916,N/A,12,0
4107-05-7530,N/A,12,0
4107-05-9710,N/A,12,0
3808-15-1036,N/A,11,0
3808-24-2672,N/A,12,0
4108-81-0979,N/A,12,0
4108-81-2462,N/A,12,0
4207-01-9400,N/A,12,0
4207-02-0716,N/A,12,0
4207-02-1905,N/A,12,0
4207-02-2053,N/A,12,0
4207-02-2937,N/A,12,0
4207-02-4125,N/A,12,0
4207-02-5013,N/A,12,0
4207-02-8644,N/A,12,0
4207-03-1956,N/A,12,0
4207-03-3237,N/A,12,0
4207-04-0498,N/A,12,0
4307-64-1875,N/A,12,0
4307-64-2609,N/A,12,0
4307-64-2886,N/A,12,0
4307-64-5843,N/A,12,0
4307-64-6506,N/A,12,0
4307-64-6957,N/A,12,0
4307-64-7618,N/A,12,0
4307-64-8382,N/A,12,0
4307-64-8731,N/A,12,0
4307-64-9169,N/A,12,0
4307-64-9957,N/A,12,0
4306-06-8504,N/A,12,0
4306-06-8781,N/A,12,0
4305-19-3149,N/A,12,0
4206-66-3275,N/A,12,0
4206-66-3520,N/A,12,0
4206-66-4163,N/A,12,0
4306-08-0667,N/A,12,0
4306-08-1554,N/A,12,0
4306-03-1649,N/A,12,0
4107-98-8701,N/A,12,0
4107-98-8851,N/A,12,0
4108-50-0359,N/A,12,0
4108-55-5981,N/A,12,0
4307-48-0978,N/A,12,0
4307-48-1019,N/A,12,0
4307-48-2061,N/A,12,0
4307-48-3243,N/A,12,0
4307-48-4425,N/A,12,0
4307-48-5908,N/A,12,0
4307-48-7477,N/A,12,0
4407-08-6997,N/A,12,0
4203-39-4295,N/A,12,0
4307-97-6682,N/A,12,0
4207-71-3634,N/A,12,0
4207-71-5451,N/A,12,0
4207-71-7065,N/A,12,0
4108-60-2823,N/A,12,0
4108-60-8173,N/A,12,0
4207-34-9722,N/A,12,0
4107-25-0407,N/A,12,0
4107-25-1955,N/A,12,0
4107-25-3971,N/A,12,0
4305-44-3294,N/A,12,0
4305-44-4028,N/A,12,0
4305-44-4577,N/A,12,0
4305-44-5113,N/A,12,0
4305-44-5662,N/A,12,0
4306-15-5136,N/A,12,0
4306-15-6246,N/A,12,0
4306-15-7402,N/A,12,0
4406-86-3326,N/A,12,0
4507-08-7481,N/A,12,0
4507-09-1728,N/A,12,0
4507-09-3447,N/A,12,0
4507-09-4967,N/A,12,0
4507-17-3355,N/A,12,0
4007-80-8286,N/A,12,0
4007-81-0980,N/A,12,0
4007-82-8449,N/A,12,0
4007-82-9964,N/A,12,0
4007-83-5496,N/A,11,0
4007-83-5526,N/A,12,0
4306-22-3299,N/A,12,0
4306-30-2009,N/A,12,0
4306-30-3525,N/A,12,0
4306-35-0524,N/A,11,0
4214-98-8866,N/A,11,0
3809-65-1727,N/A,11,0
4107-21-2046,N/A,12,0
4107-21-6014,N/A,12,0
4301-73-3605,N/A,11,0
4307-52-6091,N/A,12,0
4308-36-0619,N/A,12,0
4308-36-1803,N/A,12,0
4208-61-5058,N/A,12,0
4302-58-7893,N/A,12,0
4307-99-0149,N/A,12,0
4307-99-2032,N/A,12,0
4307-99-2486,N/A,12,0
4307-99-3122,N/A,12,0
4307-99-3497,N/A,12,0
3809-56-5230,N/A,12,0
4208-64-0333,N/A,12,0
4107-84-5039,N/A,12,0
4306-36-7140,N/A,12,0
4306-36-7988,N/A,12,0
4306-36-8553,N/A,12,0
4306-36-9606,N/A,12,0
4306-36-9663,N/A,12,0
4306-37-0696,N/A,12,0
4307-10-3815,N/A,12,0
4208-64-1614,N/A,12,0
4208-64-3047,N/A,12,0
4208-64-4230,N/A,12,0
4306-25-7039,N/A,12,0
4306-52-7793,N/A,12,0
4306-53-1344,N/A,12,0
4306-53-2816,N/A,12,0
4306-53-2958,N/A,12,0
4306-53-4471,N/A,12,0
4205-55-7412,N/A,12,0
4107-99-9082,N/A,12,0
4205-56-2620,N/A,12,0
4604-80-9793,N/A,12,0
4107-79-9800,N/A,12,0
4107-82-0405,N/A,12,0
4203-39-0051,N/A,12,0
4107-86-9795,N/A,12,0
4107-87-2046,N/A,12,0
4107-87-3131,N/A,12,0
4206-17-3181,N/A,12,0
4206-94-8246,N/A,12,0
4206-94-9133,N/A,12,0
4206-94-9693,N/A,12,0
4206-94-9949,N/A,12,0
4206-95-0577,N/A,12,0
4206-95-0993,N/A,12,0
4206-95-4066,N/A,12,0
4206-95-4085,N/A,12,0
4206-95-4658,N/A,11,0
4206-95-8607,N/A,12,0
4306-10-4784,N/A,12,0
4507-39-0007,N/A,12,0
4507-39-1424,N/A,12,0
4507-39-2840,N/A,12,0
4407-71-7171,N/A,12,0
4407-71-9114,N/A,12,0
4205-57-7209,N/A,12,0
4205-57-7789,N/A,12,0
4308-27-9081,N/A,12,0
4308-28-5134,N/A,12,0
4308-28-6416,N/A,12,0
4407-09-1951,N/A,12,0
3802-04-5406,N/A,12,0
4005-03-8706,N/A,12,0
4208-35-7160,N/A,12,0
4005-06-1347,N/A,12,0
4005-07-2826,N/A,12,0
3905-97-3217,N/A,12,0
4005-17-2086,N/A,12,0
4107-31-2468,N/A,12,0
4107-31-3982,N/A,12,0
4208-33-2590,N/A,12,0
4208-35-1002,N/A,12,0
4208-35-3021,N/A,12,0
4208-35-5141,N/A,12,0
4208-35-5815,N/A,12,0
4208-77-8083,N/A,12,0
4208-81-3330,N/A,12,0
4305-18-6017,N/A,12,0
4305-18-6971,N/A,12,0
4305-18-8082,N/A,12,0
4305-18-9291,N/A,12,0
4305-25-1957,N/A,12,0
4205-59-8642,N/A,12,0
4306-02-3287,N/A,11,0
4405-01-0976,N/A,11,0
4405-01-2892,N/A,11,0
4405-02-1081,N/A,11,0
4405-02-1142,N/A,11,0
4405-02-2996,N/A,11,0
4405-02-3057,N/A,11,0
4405-02-4808,N/A,11,0
4405-02-4873,N/A,11,0
4405-02-6788,N/A,11,0
4405-02-6825,N/A,11,0
4508-00-3340,N/A,11,0
4205-67-3094,N/A,12,0
4205-67-3239,N/A,12,0
4205-67-4052,N/A,12,0
4205-67-4865,N/A,12,0
4205-67-5678,N/A,11,0
3802-06-3470,N/A,12,0
3802-06-5331,N/A,12,0
3802-06-5688,N/A,12,0
3802-06-8170,N/A,12,0
3802-06-9691,N/A,12,0
3802-27-2394,N/A,12,0
3802-27-3027,N/A,12,0
3802-38-7402,N/A,12,0
3802-38-5020,N/A,12,0
3802-38-6439,N/A,12,0
3802-38-7758,N/A,12,0
3802-38-9076,N/A,12,0
3802-48-0646,N/A,11,0
3802-47-1020,N/A,12,0
3802-47-3758,N/A,12,0
3802-48-0698,N/A,12,0
3802-48-3080,N/A,12,0
3802-48-5205,N/A,12,0
3802-49-3310,N/A,11,0
3802-58-1770,N/A,12,0
4803-16-7315,N/A,11,0
3807-62-3261,N/A,12,0
3807-62-7226,N/A,12,0
3807-63-0405,N/A,12,0
3807-70-4185,N/A,12,0
3807-80-3202,N/A,12,0
3807-81-1417,N/A,12,0
3807-86-7371,N/A,12,0
3807-90-2655,N/A,12,0
3808-08-0725,N/A,12,0
4204-40-9207,N/A,12,0
4204-40-9750,N/A,12,0
4204-41-2497,N/A,12,0
4208-88-9452,N/A,12,0
4204-41-6888,N/A,12,0
4307-96-2302,N/A,12,0
4307-96-3361,N/A,12,0
4307-96-4195,N/A,12,0
4207-96-3111,N/A,12,0
4207-96-5158,N/A,12,0
4305-07-7899,N/A,12,0
4305-07-8070,N/A,12,0
4204-50-0637,N/A,12,0
4204-90-4573,N/A,12,0
4305-15-4822,N/A,12,0
4305-16-0218,N/A,11,0
4305-26-0450,N/A,12,0
4306-37-9910,N/A,12,0
4107-25-7098,N/A,12,0
4107-25-8162,N/A,12,0
4107-25-9678,N/A,12,0
4107-26-0045,N/A,12,0
4107-27-9532,N/A,12,0
4107-30-1277,N/A,12,0
4206-67-9193,N/A,12,0
4206-68-4737,N/A,12,0
4206-68-6205,N/A,12,0
4306-77-5006,N/A,12,0
4107-78-6818,N/A,12,0
4107-78-7805,N/A,12,0
4107-79-8216,N/A,12,0
4306-26-4824,N/A,12,0
4306-35-1734,N/A,12,0
4306-35-1790,N/A,12,0
4306-35-2597,N/A,12,0
4306-35-3409,N/A,12,0
4307-39-8474,N/A,11,0
4307-40-1870,N/A,12,0
4307-40-3319,N/A,12,0
4307-40-4728,N/A,12,0
4307-40-4890,N/A,12,0
4305-60-4943,N/A,12,0
4305-60-8899,N/A,12,0
4305-61-2089,N/A,12,0
4305-63-3365,N/A,12,0
4108-90-9654,N/A,12,0
4108-91-1383,N/A,12,0
4108-91-3415,N/A,12,0
4108-91-6846,N/A,12,0
4108-91-7700,N/A,12,0
4108-91-9416,N/A,12,0
4108-92-1294,N/A,12,0
4108-92-1519,N/A,12,0
4402-15-7812,N/A,12,0
4402-16-3992,N/A,12,0
4515-64-8425,N/A,12,0
4515-72-8180,N/A,12,0
4516-01-1050,N/A,12,0
4305-29-1998,N/A,12,0
4305-29-2126,N/A,12,0
4305-81-2214,N/A,12,0
4306-02-5259,N/A,12,0
4306-02-5296,N/A,12,0
4306-02-6382,N/A,12,0
4306-02-7466,N/A,12,0
4208-32-6132,N/A,12,0
4208-32-7747,N/A,12,0
4208-32-8601,N/A,12,0
4205-59-9455,N/A,12,0
4205-66-7297,N/A,12,0
4205-66-9732,N/A,12,0
4205-67-0655,N/A,12,0
4205-67-2426,N/A,12,0
4205-68-3061,N/A,12,0
4205-68-4091,N/A,12,0
4208-51-4359,N/A,12,0
4208-51-6141,N/A,12,0
4214-03-8942,N/A,12,0
4204-63-4458,N/A,11,0
4204-63-5446,N/A,12,0
4204-63-6334,N/A,12,0
4204-63-6718,N/A,12,0
4306-01-0522,N/A,12,0
4810-34-4034,N/A,12,0
4307-12-4795,N/A,12,0
4307-12-5979,N/A,12,0
4307-12-7901,N/A,12,0
4612-47-4760,N/A,12,0
4612-47-6195,N/A,12,0
4612-48-0801,N/A,12,0
4612-48-1430,N/A,12,0
4306-09-6381,N/A,12,0
4306-09-6426,N/A,12,0
4306-09-7268,N/A,12,0
4306-09-7313,N/A,12,0
4306-09-8056,N/A,12,0
4306-09-8101,N/A,12,0
4306-09-8943,N/A,12,0
4306-09-9831,N/A,12,0
4306-10-1605,N/A,12,0
4306-10-2616,N/A,12,0
4306-10-2673,N/A,12,0
4306-10-3763,N/A,12,0
3810-77-5209,N/A,12,0
3811-77-8715,N/A,11,0
3811-88-1772,N/A,12,0
4107-01-1657,N/A,12,0
4107-01-3530,N/A,12,0
4107-01-3855,N/A,12,0
4107-15-8825,N/A,12,0
4107-16-4486,N/A,12,0
4107-16-5402,N/A,12,0
4107-16-6310,N/A,12,0
4107-22-5223,N/A,12,0
4107-24-1774,N/A,12,0
4107-24-4473,N/A,12,0
4107-24-7272,N/A,12,0
4207-96-6773,N/A,12,0
4207-96-6838,N/A,12,0
4207-96-8287,N/A,12,0
4208-86-8003,N/A,11,0
4208-86-9010,N/A,12,0
4208-87-2218,N/A,12,0
4107-46-1623,N/A,12,0
4107-46-3238,N/A,12,0
4107-46-5054,N/A,12,0
4107-46-5414,N/A,12,0
4107-46-7129,N/A,12,0
4810-03-2509,N/A,12,0
4810-03-4322,N/A,12,0
4810-03-6134,N/A,12,0
4810-04-5244,N/A,12,0
4810-07-5573,N/A,11,0
4307-79-3490,N/A,12,0
4307-79-3647,N/A,12,0
4307-79-4580,N/A,12,0
4307-79-4737,N/A,12,0
4305-19-2138,N/A,12,0
4206-40-3626,N/A,12,0
4206-40-4918,N/A,12,0
4206-40-6210,N/A,12,0
4306-20-0298,N/A,12,0
4306-20-0730,N/A,12,0
4306-20-1841,N/A,12,0
4306-20-3009,N/A,12,0
4306-20-6085,N/A,12,0
4207-92-5975,N/A,12,0
4306-20-4526,N/A,12,0
4508-31-0541,N/A,12,0
4508-31-1211,N/A,12,0
4508-31-2058,N/A,12,0
4508-31-3432,N/A,12,0
4407-17-6611,N/A,12,0
4407-17-6877,N/A,12,0
4407-17-8066,N/A,12,0
4501-24-0191,N/A,12,0
4501-24-7589,N/A,12,0
4107-91-6294,N/A,12,0
4305-09-4963,N/A,12,0
4305-09-5636,N/A,12,0
4203-68-6312,N/A,12,0
4307-03-6259,N/A,12,0
4308-27-7799,N/A,12,0
4107-91-7035,N/A,12,0
4107-91-8447,N/A,12,0
4107-91-8811,N/A,12,0
4107-91-9861,N/A,12,0
4107-92-7073,N/A,12,0
4107-92-9392,N/A,12,0
4107-92-9833,N/A,12,0
4308-06-3880,N/A,12,0
4308-06-5788,N/A,11,0
4308-06-7796,N/A,12,0
4308-07-2560,N/A,12,0
4305-91-7043,N/A,11,0
4305-91-8960,N/A,11,0
4108-14-1998,N/A,12,0
4108-14-4557,N/A,12,0
4108-20-8898,N/A,12,0
4108-24-6149,N/A,11,0
4108-24-8107,N/A,12,0
3909-99-5091,N/A,12,0
4005-25-5540,N/A,12,0
4107-01-6054,N/A,12,0
4005-18-3200,N/A,12,0
4006-62-1294,N/A,12,0
4006-69-9812,N/A,12,0
4006-76-0038,N/A,12,0
4006-76-1557,N/A,12,0
4006-99-1869,N/A,12,0
4006-99-5290,N/A,12,0
4007-51-6951,N/A,12,0
4007-52-3044,N/A,11,0
4307-96-0884,N/A,12,0
4007-60-3153,N/A,12,0
4007-60-3778,N/A,12,0
4007-60-7847,N/A,12,0
4007-71-4802,N/A,12,0
4007-71-5189,N/A,12,0
4007-71-5938,N/A,12,0
4007-72-1791,N/A,12,0
4007-72-2203,N/A,12,0
4007-80-4110,N/A,12,0
4007-80-7545,N/A,12,0
4507-17-5138,N/A,12,0
4507-17-6922,N/A,12,0
4309-32-1845,N/A,12,0
4307-96-1212,N/A,12,0
4307-96-2073,N/A,12,0
4205-44-9478,N/A,12,0
4005-39-1974,N/A,12,0
4005-39-3562,N/A,12,0
4005-39-4951,N/A,12,0
4005-39-6339,N/A,12,0
4005-39-8025,N/A,12,0
4205-69-8869,N/A,12,0
4207-16-1057,N/A,12,0
4205-45-3572,N/A,12,0
4205-45-4949,N/A,12,0
4205-45-6426,N/A,12,0
4205-45-7459,N/A,12,0
4207-44-3458,N/A,12,0
4306-06-4732,N/A,12,0
4207-44-5040,N/A,12,0
4207-81-5145,N/A,12,0
4207-81-6228,N/A,12,0
4207-81-7215,N/A,12,0
4207-81-7699,N/A,12,0
4207-81-8102,N/A,12,0
4005-47-0854,N/A,12,0
4005-47-1969,N/A,12,0
4005-47-2603,N/A,12,0
4005-47-3385,N/A,12,0
4005-47-4908,N/A,12,0
4005-47-8383,N/A,12,0
4005-48-1895,N/A,12,0
4005-48-4810,N/A,12,0
4006-44-1528,N/A,12,0
4006-44-5200,N/A,11,0
4006-52-6274,N/A,12,0
4006-53-0129,N/A,12,0
4207-16-6154,N/A,12,0
4305-54-2952,N/A,12,0
4306-11-1588,N/A,12,0
4207-44-5779,N/A,12,0
4207-44-6424,N/A,12,0
4207-44-7261,N/A,12,0
4007-91-0826,N/A,12,0
4007-91-1150,N/A,11,0
4305-19-8561,N/A,12,0
4305-71-0533,N/A,12,0
4107-85-9703,N/A,12,0
4303-27-6370,N/A,12,0
4107-86-0583,N/A,12,0
4107-86-7473,N/A,12,0
4207-43-4760,N/A,12,0
4207-44-8644,N/A,12,0
4208-96-0822,N/A,12,0
4206-73-5622,N/A,12,0
4206-73-5983,N/A,12,0
4206-73-6206,N/A,12,0
4206-73-6772,N/A,12,0
4206-73-7661,N/A,12,0
4206-74-0534,N/A,12,0
4206-74-1744,N/A,12,0
4206-74-4208,N/A,12,0
4206-18-6511,N/A,12,0
4206-28-0531,N/A,12,0
4206-29-0893,N/A,12,0
4206-29-1386,N/A,11,0
4208-46-8714,N/A,12,0
4208-47-8209,N/A,12,0
4208-48-7252,N/A,12,0
4208-49-9262,N/A,12,0
4306-24-6748,N/A,12,0
4306-25-0886,N/A,12,0
4306-25-2607,N/A,12,0
4306-25-3717,N/A,12,0
4306-25-4827,N/A,12,0
4306-25-4969,N/A,12,0
4306-25-6251,N/A,12,0
4208-86-4437,N/A,12,0
4305-16-0294,N/A,12,0
4305-16-0526,N/A,12,0
4305-16-1240,N/A,12,0
4305-16-1854,N/A,12,0
4305-16-2468,N/A,12,0
4305-16-3082,N/A,12,0
4305-16-3696,N/A,12,0
4305-16-4656,N/A,11,0
4305-16-5820,N/A,12,0
4305-16-6806,N/A,11,0
4305-16-7662,N/A,12,0
4305-16-8608,N/A,12,0
4305-18-3540,N/A,12,0
4107-67-9682,N/A,12,0
4107-68-1399,N/A,12,0
4107-68-1613,N/A,12,0
4107-96-5909,N/A,12,0
4107-96-8196,N/A,12,0
4305-43-6298,N/A,12,0
4305-43-7384,N/A,12,0
4305-43-8469,N/A,12,0
4203-29-6281,N/A,12,0
4203-29-6302,N/A,12,0
4203-29-7820,N/A,12,0
4203-29-9237,N/A,12,0
4305-44-0673,N/A,12,0
4205-97-6687,N/A,12,0
4205-97-8247,N/A,12,0
4205-97-8861,N/A,12,0
4205-97-9475,N/A,12,0
4205-98-1382,N/A,12,0
4205-98-7201,N/A,12,0
4205-98-7815,N/A,12,0
4306-21-1209,N/A,12,0
4306-21-2320,N/A,12,0
4306-21-3331,N/A,12,0
4306-21-4285,N/A,12,0
4306-21-4442,N/A,12,0
4306-21-5454,N/A,12,0
4306-21-9635,N/A,12,0
4306-22-0681,N/A,12,0
4305-35-4061,N/A,12,0
4305-35-5146,N/A,12,0
4108-94-2202,N/A,12,0
4203-29-5269,N/A,12,0
4307-65-0910,N/A,12,0
4307-65-0985,N/A,12,0
4106-39-5001,N/A,12,0
4307-68-6007,N/A,12,0
4307-68-7524,N/A,12,0
4307-68-8090,N/A,12,0
4307-69-6205,N/A,12,0
4307-69-6543,N/A,12,0
4307-69-6689,N/A,11,0
4307-95-8214,N/A,12,0
4307-95-8448,N/A,12,0
4208-02-1422,N/A,12,0
4208-02-3138,N/A,12,0
4208-02-3409,N/A,12,0
4208-02-5024,N/A,12,0
4307-14-9170,N/A,12,0
4308-52-1389,N/A,12,0
4307-23-8588,N/A,12,0
4402-05-6098,N/A,12,0
4402-05-8977,N/A,12,0
4402-07-6048,N/A,12,0
4306-02-8994,N/A,12,0
4307-95-9437,N/A,12,0
4811-80-9705,N/A,12,0
4811-90-1521,N/A,12,0
4508-04-8078,N/A,12,0
4508-04-9655,N/A,12,0
4508-10-5903,N/A,12,0
4508-10-6822,N/A,12,0
4207-42-3713,N/A,12,0
4207-42-4823,N/A,12,0
4307-41-9389,N/A,12,0
4308-70-9940,N/A,12,0
4308-71-1818,N/A,12,0
4308-80-4468,N/A,12,0
4308-82-6448,N/A,12,0
4208-24-8982,N/A,12,0
4208-25-1491,N/A,12,0
4408-91-2284,N/A,12,0
4208-25-4951,N/A,12,0
4208-25-5914,N/A,12,0
4208-25-6772,N/A,12,0
4208-25-7633,N/A,12,0
4208-26-2794,N/A,12,0
4208-26-3112,N/A,12,0
4208-26-5233,N/A,12,0
4206-50-2839,N/A,12,0
4208-59-7383,N/A,11,0
4208-60-0282,N/A,12,0
4208-20-6308,N/A,12,0
4307-45-2304,N/A,12,0
4307-45-4022,N/A,12,0
4508-11-1340,N/A,12,0
4508-15-7100,N/A,12,0
4508-15-8064,N/A,12,0
4208-21-0177,N/A,12,0
4208-21-1792,N/A,12,0
4308-30-5360,N/A,12,0
4508-15-9247,N/A,12,0
4208-35-7834,N/A,12,0
4208-35-9279,N/A,12,0
4208-35-9752,N/A,12,0
4208-36-3267,N/A,12,0
4208-41-5941,N/A,12,0
4208-41-8506,N/A,12,0
4208-42-0216,N/A,12,0
4416-69-6206,N/A,11,0
4407-22-7536,N/A,12,0
4407-22-8280,N/A,12,0
4407-22-8547,N/A,12,0
4407-22-9558,N/A,12,0
4407-23-0002,N/A,12,0
4407-23-0915,N/A,12,0
4407-23-3126,N/A,12,0
4407-23-5504,N/A,12,0
4207-90-8639,N/A,12,0
4207-90-9526,N/A,12,0
4207-91-0556,N/A,12,0
4306-03-2634,N/A,12,0
4207-10-6649,N/A,12,0
4207-10-9906,N/A,12,0
4207-11-0141,N/A,12,0
4207-11-1029,N/A,12,0
4207-11-2785,N/A,12,0
4204-81-2834,N/A,12,0
4406-10-0811,N/A,12,0
4511-13-0691,N/A,12,0
4511-15-2747,N/A,12,0
4204-81-3822,N/A,12,0
4206-57-5431,N/A,12,0
4206-57-6174,N/A,12,0
4206-57-7062,N/A,12,0
4206-57-7949,N/A,12,0
4208-10-1396,N/A,12,0
4208-11-0826,N/A,12,0
4208-11-0990,N/A,12,0
4208-11-2340,N/A,12,0
4208-11-3314,N/A,12,0
4208-11-3753,N/A,12,0
4208-11-5231,N/A,12,0
4208-11-5266,N/A,12,0
4205-55-1822,N/A,12,0
4208-11-6680,N/A,12,0
4208-11-6745,N/A,12,0
4208-11-8193,N/A,12,0
4204-80-9047,N/A,12,0
4204-81-0958,N/A,12,0
4204-81-1846,N/A,12,0
4205-55-5718,N/A,12,0
4106-58-4398,N/A,12,0
4106-59-9383,N/A,12,0
4106-79-2639,N/A,11,0
4106-79-6145,N/A,12,0
4106-86-9579,N/A,12,0
4107-11-0252,N/A,12,0
4107-11-1742,N/A,11,0
4107-11-3247,N/A,12,0
4107-15-3585,N/A,12,0
4107-15-4593,N/A,12,0
4107-15-4923,N/A,12,0
4107-15-6803,N/A,12,0
4107-15-8786,N/A,12,0
4107-25-5684,N/A,12,0
4208-22-6975,N/A,12,0
4208-22-8490,N/A,12,0
4208-22-9161,N/A,12,0
4306-53-6246,N/A,12,0
4306-53-7658,N/A,12,0
4306-53-9105,N/A,12,0
4306-54-1645,N/A,12,0
4306-54-2585,N/A,12,0
4306-54-5557,N/A,12,0
4306-54-7675,N/A,12,0
4306-55-4705,N/A,12,0
4107-31-8925,N/A,12,0
4107-31-9693,N/A,12,0
4107-32-0438,N/A,11,0
4107-32-5491,N/A,12,0
4107-32-7111,N/A,12,0
4107-33-1983,N/A,12,0
4107-34-2671,N/A,12,0
4107-34-6669,N/A,12,0
4107-35-1292,N/A,12,0
4107-35-9155,N/A,12,0
4107-37-1707,N/A,12,0
4107-37-3120,N/A,12,0
4107-37-5185,N/A,12,0
4107-40-9951,N/A,12,0
4107-41-0438,N/A,12,0
4107-41-1100,N/A,12,0
4107-41-1851,N/A,12,0
4107-41-2515,N/A,12,0
4107-42-6743,N/A,12,0
4107-42-6763,N/A,12,0
4107-43-4143,N/A,12,0
4107-43-4383,N/A,12,0
4107-43-7382,N/A,12,0
4107-43-8739,N/A,12,0
4107-44-4311,N/A,12,0
4107-44-5137,N/A,12,0
4107-44-7054,N/A,12,0
4107-44-7306,N/A,12,0
4107-44-8225,N/A,12,0
4107-44-8870,N/A,12,0
4107-44-9839,N/A,12,0
4306-03-7524,N/A,12,0
4208-01-4463,N/A,12,0
4306-04-3490,N/A,12,0
4306-04-4636,N/A,12,0
4306-04-5295,N/A,12,0
4306-04-6148,N/A,12,0
4306-04-6505,N/A,12,0
4306-04-7514,N/A,12,0
4207-81-3865,N/A,12,0
4207-90-3522,N/A,12,0
4207-90-3895,N/A,12,0
4207-90-4409,N/A,12,0
4207-90-6753,N/A,12,0
4207-90-7962,N/A,12,0
4107-89-4746,N/A,12,0
4107-89-5181,N/A,12,0
4205-69-3846,N/A,12,0
4205-69-4659,N/A,12,0
4205-69-4804,N/A,12,0
4205-69-5617,N/A,12,0
4205-69-6430,N/A,12,0
4205-69-6474,N/A,12,0
4205-69-7243,N/A,12,0
4208-50-0185,N/A,12,0
4208-50-3048,N/A,12,0
4208-50-4310,N/A,12,0
4107-89-7168,N/A,12,0
4208-01-4732,N/A,12,0
4208-01-6245,N/A,12,0
4208-01-7659,N/A,12,0
4208-36-6967,N/A,12,0
4208-38-7957,N/A,12,0
4307-54-2796,N/A,12,0
4208-51-2038,N/A,12,0
4305-62-0905,N/A,12,0
4305-62-2440,N/A,12,0
4305-62-3525,N/A,12,0
4307-89-7286,N/A,12,0
4307-89-7432,N/A,12,0
4307-89-8720,N/A,12,0
4403-07-9229,N/A,12,0
4403-17-1153,N/A,12,0
4699-55-9927,N/A,12,0
4699-63-7203,N/A,12,0
4699-72-4444,N/A,12,0
4699-82-7311,N/A,12,0
4703-10-3303,N/A,12,0
4814-54-5162,N/A,12,0
4407-14-1529,N/A,12,0
4911-61-6158,N/A,12,0
4911-62-9642,N/A,12,0
4504-56-6233,N/A,11,0
4407-73-5201,N/A,12,0
4407-73-6220,N/A,12,0
4410-37-2235,N/A,12,0
4504-60-9297,N/A,12,0
4504-63-5842,N/A,12,0
4504-64-9172,N/A,12,0
4505-11-6191,N/A,12,0
4505-22-4289,N/A,12,0
4107-84-0322,N/A,12,0
4107-84-1407,N/A,12,0
4107-84-2895,N/A,12,0
4206-91-2257,N/A,12,0
4305-61-8263,N/A,12,0
4305-61-9348,N/A,12,0
4207-29-4603,N/A,12,0
4108-61-7379,N/A,12,0
4108-62-9804,N/A,12,0
4108-70-2796,N/A,12,0
4206-09-1229,N/A,12,0
4206-09-4659,N/A,12,0
4107-83-8804,N/A,11,0
4206-91-4981,N/A,12,0
4208-51-3920,N/A,12,0
4208-53-0815,N/A,12,0
4208-53-3808,N/A,12,0
4306-15-9676,N/A,12,0
4306-16-0824,N/A,12,0
4305-61-6628,N/A,12,0
4305-61-7178,N/A,12,0
4305-61-7714,N/A,12,0
4207-29-5572,N/A,12,0
4207-29-6755,N/A,12,0
4207-29-7591,N/A,12,0
4207-29-8037,N/A,12,0
4207-93-7343,N/A,12,0
4107-47-0488,N/A,12,0
4107-47-3156,N/A,12,0
4107-47-4340,N/A,12,0
4107-47-5323,N/A,12,0
4107-47-5376,N/A,12,0
4107-47-6507,N/A,12,0
4107-47-6560,N/A,12,0
4107-47-7744,N/A,12,0
4107-47-8927,N/A,12,0
4107-47-9991,N/A,12,0
4107-48-1802,N/A,12,0
4107-48-3967,N/A,12,0
4108-60-9990,N/A,12,0
4108-61-3845,N/A,12,0
4108-61-6449,N/A,12,0
4108-70-2840,N/A,12,0
4108-70-4422,N/A,12,0
4206-67-1400,N/A,12,0
4206-67-2283,N/A,12,0
4206-67-2777,N/A,12,0
4206-67-2973,N/A,12,0
4206-67-3467,N/A,12,0
4206-67-4752,N/A,12,0
4306-81-1424,N/A,12,0
4206-92-6661,N/A,12,0
4307-02-0113,N/A,12,0
4307-62-8635,N/A,12,0
4307-63-0485,N/A,12,0
4307-63-1697,N/A,12,0
4307-63-2358,N/A,12,0
4307-63-3472,N/A,12,0
4307-63-6429,N/A,12,0
4407-14-2719,N/A,12,0
4407-14-2787,N/A,12,0
4407-61-5468,N/A,12,0
4307-03-3605,N/A,12,0
4306-06-3622,N/A,12,0
4306-08-3229,N/A,12,0
4306-08-4072,N/A,12,0
4306-08-4117,N/A,12,0
4306-08-4859,N/A,12,0
4308-80-3310,N/A,12,0
4308-80-3378,N/A,12,0
4609-53-7720,N/A,11,0
4609-53-7890,N/A,12,0
4609-63-5890,N/A,11,0
4609-64-1333,N/A,11,0
4609-73-5150,N/A,12,0
4609-75-1285,N/A,12,0
4609-86-0327,N/A,12,0
4609-86-7623,N/A,12,0
4107-48-6295,N/A,12,0
4107-48-7332,N/A,12,0
4107-48-7577,N/A,12,0
4107-48-8708,N/A,12,0
4107-48-8760,N/A,12,0
4107-48-9943,N/A,12,0
4107-49-3940,N/A,12,0
4107-51-1437,N/A,11,0
4107-51-1484,N/A,12,0
4107-51-1565,N/A,12,0
4107-64-2089,N/A,12,0
4107-64-3272,N/A,12,0
4107-64-4455,N/A,12,0
4107-64-5493,N/A,12,0
4107-64-6775,N/A,12,0
4107-64-9833,N/A,12,0
4107-65-0462,N/A,12,0
4107-83-1355,N/A,12,0
4107-83-2835,N/A,12,0
4107-83-5056,N/A,12,0
4206-91-6096,N/A,12,0
4206-91-7655,N/A,12,0
4208-01-1793,N/A,12,0
4206-92-0164,N/A,12,0
4206-92-1150,N/A,12,0
4206-92-2235,N/A,12,0
4306-48-4478,N/A,12,0
4306-48-5396,N/A,12,0
4306-48-7290,N/A,12,0
4306-51-1223,N/A,12,0
4206-89-6133,N/A,12,0
4206-89-6482,N/A,12,0
4206-89-7021,N/A,12,0
4206-89-7763,N/A,12,0
4206-89-7808,N/A,12,0
4208-00-7964,N/A,12,0
4208-00-9780,N/A,12,0
4208-01-0178,N/A,12,0
4208-01-1031,N/A,12,0
4205-68-8481,N/A,12,0
4208-01-2746,N/A,12,0
4207-07-2252,N/A,12,0
4207-07-3436,N/A,12,0
4207-07-4079,N/A,12,0
4207-07-5164,N/A,12,0
4207-07-5604,N/A,12,0
4307-95-4087,N/A,12,0
4307-95-4619,N/A,12,0
4307-95-6035,N/A,12,0
4307-95-7302,N/A,12,0
4207-28-5787,N/A,12,0
4207-28-7472,N/A,12,0
4207-28-7510,N/A,12,0
4207-29-0114,N/A,12,0
4207-29-0363,N/A,12,0
4306-03-3569,N/A,12,0
4306-03-4210,N/A,12,0
4306-03-4679,N/A,12,0
4205-59-8187,N/A,12,0
4205-68-7668,N/A,12,0
4205-68-7800,N/A,12,0
4205-68-9294,N/A,12,0
4206-18-2436,N/A,12,0
4206-18-4251,N/A,12,0
4206-29-1717,N/A,12,0
4206-29-3754,N/A,12,0
4206-29-4033,N/A,12,0
4206-30-9417,N/A,12,0
4107-75-1347,N/A,12,0
4107-75-2332,N/A,12,0
4107-75-3320,N/A,12,0
4107-75-4106,N/A,12,0
4107-75-7198,N/A,12,0
4107-75-8085,N/A,12,0
4107-75-8627,N/A,11,0
4107-75-8973,N/A,12,0
4107-75-9614,N/A,12,0
4107-77-5257,N/A,12,0
4107-98-9937,N/A,12,0
4107-99-1513,N/A,12,0
4107-99-3330,N/A,12,0
4206-95-9348,N/A,11,0
4306-74-8778,N/A,12,0
4208-54-1267,N/A,12,0
4208-54-1913,N/A,12,0
4208-54-3831,N/A,12,0
4208-54-5409,N/A,12,0
4208-55-0475,N/A,12,0
4208-55-1657,N/A,12,0
4206-55-5197,N/A,12,0
4206-55-6872,N/A,12,0
4206-55-9591,N/A,12,0
4305-53-5827,N/A,12,0
4612-37-9184,N/A,12,0
4612-38-8017,N/A,12,0
4612-39-8679,N/A,12,0
4612-47-0134,N/A,12,0
4307-52-6520,N/A,12,0
4307-52-7735,N/A,12,0
4307-41-2340,N/A,12,0
4107-94-3998,N/A,12,0
4312-36-9054,N/A,12,0
4312-38-4685,N/A,12,0
4312-45-4981,N/A,12,0
4307-12-5848,N/A,12,0
4305-36-6271,N/A,12,0
4305-36-7358,N/A,12,0
4305-36-9529,N/A,12,0
4305-37-1431,N/A,12,0
4305-37-2419,N/A,12,0
4305-37-3307,N/A,12,0
4612-49-1861,N/A,12,0
4306-89-6797,N/A,12,0
4307-71-2813,N/A,12,0
4307-71-3467,N/A,12,0
4205-55-0542,N/A,12,0
4205-55-0905,N/A,11,0
4206-46-7996,N/A,12,0
4206-46-9771,N/A,12,0
4405-90-8821,N/A,12,0
4307-16-5570,N/A,12,0
4307-18-0905,N/A,12,0
4307-18-2586,N/A,12,0
4207-39-6088,N/A,12,0
4208-15-8559,N/A,12,0
4208-15-9872,N/A,12,0
4208-16-0609,N/A,12,0
4307-76-4155,N/A,12,0
4307-76-5569,N/A,12,0
4307-13-5875,N/A,12,0
4307-13-6959,N/A,12,0
4307-13-9282,N/A,12,0
4308-52-4351,N/A,12,0
4507-39-5772,N/A,12,0
4507-39-7920,N/A,12,0
4206-68-8205,N/A,12,0
4307-27-2395,N/A,12,0
4307-27-2433,N/A,12,0
4307-27-3805,N/A,12,0
4307-27-4047,N/A,12,0
4307-27-5420,N/A,12,0
4307-27-5663,N/A,12,0
4307-27-7136,N/A,12,0
4204-40-8714,N/A,11,0
4204-41-9929,N/A,12,0
4206-86-4962,N/A,12,0
4206-68-6430,N/A,12,0
4206-68-6449,N/A,12,0
4206-75-8663,N/A,12,0
4206-75-8702,N/A,12,0
4206-75-9872,N/A,12,0
4206-76-0773,N/A,12,0
4206-76-2932,N/A,12,0
4206-76-4607,N/A,12,0
4205-58-2442,N/A,12,0
4205-58-2893,N/A,12,0
4205-58-4185,N/A,12,0
4205-58-5303,N/A,12,0
4307-71-5385,N/A,12,0
4307-71-6553,N/A,12,0
4307-71-9411,N/A,12,0
4307-71-9790,N/A,12,0
4307-72-0409,N/A,12,0
4307-20-1113,N/A,12,0
4307-20-2423,N/A,12,0
4307-20-3732,N/A,12,0
5012-88-8299,N/A,12,0
4307-20-4992,N/A,12,0
4307-23-5012,N/A,12,0
4307-23-7737,N/A,12,0
4613-62-2531,N/A,12,0
4613-62-3510,N/A,12,0
4613-70-0209,N/A,12,0
4800-13-4733,N/A,11,0
4800-23-8948,N/A,12,0
4800-24-5629,N/A,12,0
4800-24-9362,N/A,12,0
4612-26-1731,N/A,12,0
4612-26-4458,N/A,12,0
4508-89-4367,N/A,12,0
4911-54-1433,N/A,12,0
4810-77-8176,N/A,12,0
4307-60-6083,N/A,12,0
4307-60-7398,N/A,12,0
4307-60-8465,N/A,12,0
4307-61-3126,N/A,12,0
4307-61-4341,N/A,12,0
4713-38-7265,N/A,12,0
5012-89-7290,N/A,12,0
5013-13-9315,N/A,12,0
5013-22-1583,N/A,11,0
4710-92-7619,N/A,12,0
4710-92-8983,N/A,12,0
4710-93-0734,N/A,12,0
4710-93-2206,N/A,12,0
4710-93-3514,N/A,12,0
4710-93-4863,N/A,12,0
4710-93-5751,N/A,12,0
4207-32-1356,N/A,12,0
4911-98-1858,N/A,12,0
4911-98-3466,N/A,12,0
4305-44-6748,N/A,12,0
4208-22-0314,N/A,12,0
4208-22-2434,N/A,12,0
4208-22-3408,N/A,12,0
4208-24-1411,N/A,12,0
4208-24-3430,N/A,12,0
4208-24-3993,N/A,12,0
4208-24-4610,N/A,12,0
4208-24-6862,N/A,12,0
4208-27-5333,N/A,12,0
4911-32-7187,N/A,12,0
4911-32-9265,N/A,12,0
4911-25-5009,N/A,12,0
4911-25-6927,N/A,12,0
4911-25-7458,N/A,11,0
4911-25-8386,N/A,12,0
4911-26-1079,N/A,12,0
4500-93-6048,N/A,12,0
4207-29-3518,N/A,12,0
4207-31-5134,N/A,12,0
4207-31-7354,N/A,12,0
4207-31-8766,N/A,12,0
4208-06-5926,N/A,12,0
4208-06-6523,N/A,12,0
4208-06-7220,N/A,12,0
4208-11-8461,N/A,12,0
4208-12-8560,N/A,12,0
4208-42-1077,N/A,12,0
4208-42-2895,N/A,12,0
4208-43-8043,N/A,12,0
4208-44-2421,N/A,12,0
4501-07-0792,N/A,12,0
4501-07-2176,N/A,11,0
4501-08-8515,N/A,12,0
4501-15-5930,N/A,12,0
4501-16-3449,N/A,12,0
4501-17-2075,N/A,12,0
4509-78-8587,N/A,12,0
4509-80-0717,N/A,12,0
4514-85-9740,N/A,12,0
4514-86-5519,N/A,12,0
4514-86-6501,N/A,12,0
4307-51-1064,N/A,12,0
4307-51-1739,N/A,12,0
4508-89-0959,N/A,12,0
4508-24-0355,N/A,12,0
4508-24-4368,N/A,12,0
4508-24-5964,N/A,12,0
4508-24-6988,N/A,12,0
4206-65-0575,N/A,12,0
4508-25-0528,N/A,12,0
4608-19-3865,N/A,11,0
4504-38-6182,N/A,12,0
4504-38-9046,N/A,11,0
4504-39-3217,N/A,12,0
4307-23-0564,N/A,12,0
4305-77-5994,N/A,12,0
4305-77-7667,N/A,12,0
4305-78-0635,N/A,12,0
4305-78-2552,N/A,12,0
4305-78-7271,N/A,12,0
4305-78-7911,N/A,12,0
4206-97-5796,N/A,12,0
4206-97-6683,N/A,12,0
4206-98-0571,N/A,12,0
4206-98-1358,N/A,12,0
4206-98-2246,N/A,12,0
4308-26-5887,N/A,12,0
4308-26-7070,N/A,12,0
4308-26-8253,N/A,12,0
4306-01-5521,N/A,12,0
4306-01-7443,N/A,12,0
4306-01-7474,N/A,12,0
4306-02-0702,N/A,12,0
4108-90-0532,N/A,12,0
4205-45-7805,N/A,11,0
4205-45-8936,N/A,12,0
4205-45-9921,N/A,12,0
4205-46-4013,N/A,11,0
4206-76-5690,N/A,12,0
4206-76-7282,N/A,12,0
4206-76-8271,N/A,12,0
4206-76-9357,N/A,12,0
4206-77-2643,N/A,12,0
4206-77-3531,N/A,12,0
4206-77-4418,N/A,12,0
4206-77-6288,N/A,12,0
4206-77-7076,N/A,12,0
4206-77-7963,N/A,12,0
4405-15-0796,N/A,12,0
4612-68-9838,N/A,11,0
4515-56-2045,N/A,12,0
4307-07-7891,N/A,12,0
4511-28-1163,N/A,12,0
4512-02-9637,N/A,12,0
4612-59-0849,N/A,12,0
4612-59-2666,N/A,12,0
4407-02-7548,N/A,12,0
4407-02-8862,N/A,12,0
4306-47-5572,N/A,12,0
4306-56-2819,N/A,12,0
4306-56-3930,N/A,11,0
4306-02-1063,N/A,12,0
4107-73-1556,N/A,12,0
4108-05-9637,N/A,12,0
4108-06-1360,N/A,11,0
4207-36-3166,N/A,12,0
4207-38-3769,N/A,12,0
4207-39-0056,N/A,12,0
4207-39-1239,N/A,12,0
4307-53-1158,N/A,12,0
4307-53-2472,N/A,12,0
4307-53-3105,N/A,12,0
4307-22-3943,N/A,12,0
4307-22-5352,N/A,12,0
4307-22-6661,N/A,12,0
4307-22-8777,N/A,12,0
4305-78-9928,N/A,12,0
4305-79-0891,N/A,12,0
4207-78-0565,N/A,11,0
4207-78-4325,N/A,12,0
4207-78-5676,N/A,12,0
4207-79-9712,N/A,11,0
4208-86-4879,N/A,12,0
4305-08-0371,N/A,12,0
4305-08-0603,N/A,12,0
4305-08-0985,N/A,12,0
4305-08-1217,N/A,12,0
4305-08-1931,N/A,12,0
4305-09-6647,N/A,12,0
4305-09-8804,N/A,12,0
4107-77-8890,N/A,12,0
4107-78-1903,N/A,12,0
4107-78-2058,N/A,12,0
4107-78-4046,N/A,12,0
4107-78-5459,N/A,12,0
4307-10-7999,N/A,12,0
4307-10-8887,N/A,12,0
4307-10-9774,N/A,12,0
4307-32-3686,N/A,12,0
4307-32-6873,N/A,12,0
4307-32-7408,N/A,12,0
4307-32-7858,N/A,12,0
4307-32-8845,N/A,12,0
4307-32-9928,N/A,12,0
4307-33-7891,N/A,11,0
4308-91-7815,N/A,12,0
4307-47-6256,N/A,12,0
4307-47-7079,N/A,12,0
4507-68-0271,N/A,12,0
4507-68-1453,N/A,12,0
4507-75-5292,N/A,11,0
4306-16-2437,N/A,12,0
4911-35-9435,N/A,12,0
4911-37-4355,N/A,12,0
4206-66-7714,N/A,12,0
4206-66-8601,N/A,12,0
4207-53-6733,N/A,12,0
4207-54-0028,N/A,12,0
4207-54-0692,N/A,12,0
4203-39-1161,N/A,12,0
4203-39-3075,N/A,12,0
4205-58-6019,N/A,12,0
4205-58-6832,N/A,12,0
4205-58-6899,N/A,12,0
4205-58-7645,N/A,12,0
4205-58-8603,N/A,12,0
4205-58-9054,N/A,12,0
4205-58-9416,N/A,12,0
4205-58-9940,N/A,12,0
4205-59-0042,N/A,12,0
4205-59-0693,N/A,12,0
4205-59-0855,N/A,12,0
4206-66-6139,N/A,12,0
4206-66-6826,N/A,12,0
4207-54-7709,N/A,12,0
4207-55-3308,N/A,12,0
4207-55-4967,N/A,12,0
4207-55-6351,N/A,12,0
4207-55-7536,N/A,12,0
4207-55-8822,N/A,12,0
4207-56-4277,N/A,12,0
4207-59-0978,N/A,12,0
4207-64-0030,N/A,12,0
4207-64-1392,N/A,12,0
4307-07-4524,N/A,12,0
4307-92-5082,N/A,12,0
4307-92-5744,N/A,12,0
4407-72-5024,N/A,12,0
4407-72-6246,N/A,12,0
4407-72-8293,N/A,12,0
4407-73-0822,N/A,12,0
4507-58-6016,N/A,12,0
5012-49-7552,N/A,12,0
5013-41-4846,N/A,12,0
5013-50-2139,N/A,12,0
4810-57-6693,N/A,12,0
4810-58-2007,N/A,12,0
5012-58-7811,N/A,12,0
5012-55-0674,N/A,12,0
5012-57-9095,N/A,12,0
4810-56-5503,N/A,12,0
4511-17-0809,N/A,12,0
4511-19-0753,N/A,12,0
4307-93-6804,N/A,12,0
4307-94-0225,N/A,12,0
4308-07-6681,N/A,12,0
4308-07-6846,N/A,12,0
4308-07-8557,N/A,12,0
4308-07-8593,N/A,12,0
4308-07-9606,N/A,12,0
4308-08-0737,N/A,11,0
4308-08-1006,N/A,12,0
4308-08-2815,N/A,12,0
4308-17-0268,N/A,12,0
4308-17-1417,N/A,12,0
4613-61-2962,N/A,12,0
4308-18-2381,N/A,12,0
4710-51-9709,N/A,12,0
4710-60-3607,N/A,12,0
4710-93-6428,N/A,12,0
4710-93-7737,N/A,12,0
4712-88-7156,N/A,11,0
4713-05-7801,N/A,12,0
5013-22-3556,N/A,11,0
5013-23-7378,N/A,12,0
5013-33-2112,N/A,12,0
4407-09-6479,N/A,12,0
4407-09-7569,N/A,12,0
4407-12-8956,N/A,12,0
4406-10-3215,N/A,12,0
4407-01-4427,N/A,12,0
4613-56-0878,N/A,12,0
4613-56-1648,N/A,12,0
4613-56-2419,N/A,12,0
4613-60-0600,N/A,12,0
4613-60-1758,N/A,12,0
4613-60-2925,N/A,12,0
4613-60-5998,N/A,12,0
4613-60-6163,N/A,12,0
4613-60-8169,N/A,12,0
4613-60-9783,N/A,12,0
4613-61-0318,N/A,12,0
4613-61-4165,N/A,11,0
4613-61-4229,N/A,12,0
4613-61-4509,N/A,12,0
4911-57-0402,N/A,11,0
4613-62-0183,N/A,12,0
4613-62-1552,N/A,12,0
4800-34-2893,N/A,12,0
4800-34-6514,N/A,12,0
4516-33-4122,N/A,12,0
4516-60-6565,N/A,11,0
4517-16-6585,N/A,11,0
4599-55-1069,N/A,12,0
4512-82-7279,N/A,12,0
4614-78-9680,N/A,12,0
4614-88-2933,N/A,12,0
4698-87-5537,N/A,12,0
4508-57-8479,N/A,12,0
4508-57-9564,N/A,12,0
4508-58-4041,N/A,11,0
4512-72-8125,N/A,12,0
4513-32-5579,N/A,11,0
4710-40-9782,N/A,12,0
5012-21-3758,N/A,12,0
4800-77-8949,N/A,12,0
4800-87-2280,N/A,12,0
4800-88-5512,N/A,11,0
4801-73-2061,N/A,12,0
4911-60-8085,N/A,12,0
4309-10-3426,N/A,12,0
4309-10-6222,N/A,12,0
4911-56-4919,N/A,12,0
4911-70-9901,N/A,12,0
4911-71-2891,N/A,12,0
4407-81-5747,N/A,12,0
4407-81-6816,N/A,12,0
4815-14-3170,N/A,12,0
4407-93-3446,N/A,12,0
4407-93-4530,N/A,12,0
4508-89-3525,N/A,12,0
4613-53-2953,N/A,12,0
4407-93-5713,N/A,12,0
4407-93-8849,N/A,12,0
4407-94-0191,N/A,12,0
4407-94-0548,N/A,12,0
4402-43-3410,N/A,12,0
4402-44-9746,N/A,12,0
4402-81-1549,N/A,12,0
4911-72-1625,N/A,12,0
4911-73-6193,N/A,12,0
4911-74-2480,N/A,12,0
4911-74-3755,N/A,12,0
4508-57-3117,N/A,12,0
4508-57-5438,N/A,12,0
4508-40-4168,N/A,12,0
4512-54-2824,N/A,12,0
4512-60-0218,N/A,12,0
4408-82-5597,N/A,12,0
4509-90-5449,N/A,12,0
4509-90-7521,N/A,12,0
4509-90-9350,N/A,12,0
4509-92-5628,N/A,12,0
4509-92-7132,N/A,12,0
4509-95-6720,N/A,12,0
3702-82-3163,N/A,12,0
4407-75-5940,N/A,12,0
4508-89-2242,N/A,12,0
4508-89-2592,N/A,12,0
4407-77-9034,N/A,12,0
4408-82-2186,N/A,12,0
4613-53-8250,N/A,12,0
4613-53-9022,N/A,12,0
4613-54-1024,N/A,12,0
4613-54-1600,N/A,12,0
4704-22-8579,N/A,12,0
4408-72-9807,N/A,11,0
4704-24-3612,N/A,12,0
4704-32-2955,N/A,12,0
4403-18-4802,N/A,12,0
4403-19-4999,N/A,12,0
4606-22-2702,N/A,12,0
4606-22-7931,N/A,12,0
4407-92-4380,N/A,12,0
4407-93-0534,N/A,12,0
4407-93-1178,N/A,12,0
4699-93-8408,N/A,12,0
4613-71-4228,N/A,12,0
4613-71-4373,N/A,12,0
4613-71-6147,N/A,12,0
4613-71-7964,N/A,12,0
4613-71-9277,N/A,12,0
5012-69-0031,N/A,12,0
4613-80-1495,N/A,12,0
4915-13-7521,N/A,12,0
4915-26-2648,N/A,12,0
4915-79-3695,N/A,12,0
4916-36-3879,N/A,12,0
4916-80-0495,N/A,11,0
5012-00-4764,N/A,12,0
5012-00-7388,N/A,12,0
5012-00-9937,N/A,12,0
5012-68-2497,N/A,12,0
5012-77-0420,N/A,12,0
5012-77-3476,N/A,12,0
5013-40-5292,N/A,11,0
5013-40-8982,N/A,12,0
4811-82-6714,N/A,12,0
4612-37-6582,N/A,12,0
4508-20-4947,N/A,12,0
4508-20-5766,N/A,12,0
4508-20-6588,N/A,12,0
4508-20-6708,N/A,12,0
4508-20-8026,N/A,12,0
4508-20-8463,N/A,12,0
4508-21-1718,N/A,12,0
4508-21-2937,N/A,12,0
4508-21-4661,N/A,12,0
4508-21-8925,N/A,12,0
4508-22-8810,N/A,12,0
4508-23-7649,N/A,11,0
4714-71-5120,N/A,12,0
4715-03-4883,N/A,12,0
4715-15-0567,N/A,12,0
4715-83-3985,N/A,11,0
4716-93-1345,N/A,12,0
4798-08-1675,N/A,11,0
4798-14-8482,N/A,12,0
4309-23-8970,N/A,12,0
4508-26-0733,N/A,12,0
5012-21-0527,N/A,12,0
4608-00-6802,N/A,12,0
4612-66-6908,N/A,12,0
4609-02-5464,N/A,12,0
4710-91-2685,N/A,12,0
4710-92-5002,N/A,12,0
4911-67-9135,N/A,11,0
4703-54-1612,N/A,12,0
4703-54-6445,N/A,12,0
4911-10-1094,N/A,11,0
4901-43-1476,N/A,12,0
4509-60-6565,N/A,12,0
4911-67-4582,N/A,12,0
4911-67-5319,N/A,12,0
4911-67-6834,N/A,12,0
4911-67-8508,N/A,12,0
4703-64-0177,N/A,12,0
4514-95-1016,N/A,12,0
5113-33-5689,N/A,12,0
5113-34-1052,N/A,12,0
5113-34-9625,N/A,12,0
4405-13-1265,N/A,11,0
4405-13-3141,N/A,11,0
4405-14-0624,N/A,11,0
5011-52-5374,N/A,11,0
4911-02-9698,N/A,11,0
4911-03-3410,N/A,12,0
4604-63-5646,N/A,11,0
4710-93-8663,N/A,12,0
4711-27-2914,N/A,12,0
4711-37-9608,N/A,11,0
4911-02-3334,N/A,12,0
4911-02-5014,N/A,12,0
4911-11-2089,N/A,12,0
4501-64-8005,N/A,12,0
4508-75-3210,N/A,11,0
4613-50-2438,N/A,12,0
4613-50-3850,N/A,12,0
4612-59-7064,N/A,12,0
4612-59-8175,N/A,12,0
4612-59-9488,N/A,12,0
4612-66-7275,N/A,12,0
4612-66-8260,N/A,12,0
4612-66-9535,N/A,12,0
4612-67-2034,N/A,12,0
4612-67-4237,N/A,12,0
4612-67-9186,N/A,12,0
4508-37-8487,N/A,12,0
4514-72-5892,N/A,12,0
4514-72-8751,N/A,12,0
4514-85-7582,N/A,12,0
4514-85-8464,N/A,12,0
4407-05-3074,N/A,12,0
4407-05-3204,N/A,12,0
4407-05-4263,N/A,12,0
4407-05-5097,N/A,12,0
4407-05-6386,N/A,12,0
4407-51-3483,N/A,12,0
4407-51-5007,N/A,12,0
4407-51-7133,N/A,12,0
4407-51-8917,N/A,12,0
4406-68-4994,N/A,12,0
4406-68-6919,N/A,12,0
4608-00-2489,N/A,12,0
4613-81-0792,N/A,12,0
4613-81-1539,N/A,12,0
4613-82-8594,N/A,12,0
4614-15-4524,N/A,12,0
4614-23-3439,N/A,12,0
4406-00-3502,N/A,12,0
4614-59-0439,N/A,11,0
4698-99-8100,N/A,12,0
4810-49-8605,N/A,12,0
4407-03-9114,N/A,12,0
4407-04-2481,N/A,12,0
4407-04-4358,N/A,12,0
4407-04-4494,N/A,12,0
4407-04-5673,N/A,12,0
4816-79-6594,N/A,12,0
4817-93-4548,N/A,12,0
4911-11-2307,N/A,12,0
4911-11-3199,N/A,12,0
4911-43-5615,N/A,12,0
4911-43-8238,N/A,12,0
4911-44-1240,N/A,12,0
4911-44-2358,N/A,12,0
4911-44-4088,N/A,12,0
4508-48-7324,N/A,12,0
4508-64-5560,N/A,11,0
4509-64-6538,N/A,12,0
4509-70-1419,N/A,12,0
4509-70-3464,N/A,12,0
4509-70-4746,N/A,12,0
4509-71-1193,N/A,11,0
4702-09-6123,N/A,12,0
4406-00-6307,N/A,12,0
4406-01-4945,N/A,12,0
4508-57-1099,N/A,12,0
4407-82-3892,N/A,12,0
5113-25-0883,N/A,11,0
4407-03-5148,N/A,12,0
4407-03-5193,N/A,12,0
4407-82-5369,N/A,12,0
4407-82-6749,N/A,12,0
4407-82-7096,N/A,12,0
4613-40-4203,N/A,12,0
4408-80-8056,N/A,12,0
5113-24-4561,N/A,12,0
3702-72-9478,N/A,12,0
5113-24-7984,N/A,12,0
5113-25-3546,N/A,12,0
5315-65-8366,N/A,12,0
5315-76-5992,N/A,12,0
5415-10-6458,N/A,12,0
4406-02-5819,N/A,12,0
4406-02-8240,N/A,12,0
4406-59-1531,N/A,12,0
4406-59-3983,N/A,12,0
4406-59-5264,N/A,12,0
4810-89-4458,N/A,11,0
4406-01-8878,N/A,12,0
4406-02-2271,N/A,12,0
4406-02-4046,N/A,12,0
4406-59-9351,N/A,12,0
4406-67-4744,N/A,12,0
4406-69-2817,N/A,12,0
4406-89-0438,N/A,12,0
4406-89-1347,N/A,12,0
4407-00-2113,N/A,12,0
4407-01-2291,N/A,12,0
4406-66-7520,N/A,12,0
4406-66-8245,N/A,12,0
4406-66-8768,N/A,12,0
4407-03-6461,N/A,12,0
4407-05-1885,N/A,12,0
4407-14-3976,N/A,12,0
4407-14-5264,N/A,12,0
4407-21-8019,N/A,12,0
4407-21-8875,N/A,12,0
4407-22-3581,N/A,12,0
4407-22-6257,N/A,12,0
4407-22-6992,N/A,12,0
4407-24-0756,N/A,12,0
3702-92-3595,N/A,12,0
4407-31-1553,N/A,12,0
4407-31-8194,N/A,12,0
4407-32-0670,N/A,12,0
4407-32-1302,N/A,12,0
4407-32-2313,N/A,12,0
4407-32-2996,N/A,12,0
4407-32-3325,N/A,12,0
4407-32-4436,N/A,12,0
4407-34-0823,N/A,12,0
4407-34-1834,N/A,12,0
4407-34-2945,N/A,12,0
4407-34-7689,N/A,12,0
4407-34-9762,N/A,12,0
4407-35-9317,N/A,12,0
4407-36-5847,N/A,12,0
4407-40-3263,N/A,12,0
4407-40-4879,N/A,12,0
4407-40-6495,N/A,12,0
4407-40-9447,N/A,12,0
4407-42-4851,N/A,12,0
4407-42-7278,N/A,12,0
4911-75-0609,N/A,12,0
4911-77-1537,N/A,12,0
4911-77-7090,N/A,12,0
4911-38-6585,N/A,12,0
4911-38-9203,N/A,12,0
4911-39-3724,N/A,12,0
4911-42-0850,N/A,12,0
4911-42-1486,N/A,12,0
4911-42-1733,N/A,11,0
4911-42-3664,N/A,12,0
4911-42-7692,N/A,12,0
4911-43-0657,N/A,12,0
4407-45-2755,N/A,12,0
4407-50-2503,N/A,12,0
4407-53-3680,N/A,12,0
4407-63-9769,N/A,12,0
4407-64-5504,N/A,12,0
4407-64-6722,N/A,12,0
4407-64-7594,N/A,11,0
4407-64-8141,N/A,12,0
4407-64-9559,N/A,12,0
4407-70-9442,N/A,12,0
4407-74-6002,N/A,12,0
4407-74-8912,N/A,12,0
4407-80-1096,N/A,12,0
4410-37-6767,N/A,12,0
4410-37-9494,N/A,12,0
4410-48-1616,N/A,12,0
4410-57-2598,N/A,12,0
4410-78-4873,N/A,12,0
4911-66-0121,N/A,12,0
4911-66-1178,N/A,12,0
4911-66-3800,N/A,12,0
5012-22-7691,N/A,12,0
4409-70-6770,N/A,11,0
5012-30-2991,N/A,12,0
4810-78-5964,N/A,12,0
4810-78-8870,N/A,12,0
4810-79-3840,N/A,12,0
4713-66-1751,N/A,12,0
4508-40-5549,N/A,12,0
4508-41-1604,N/A,12,0
4799-58-4552,N/A,12,0
5112-21-5832,N/A,12,0
4799-69-9030,N/A,12,0
4799-79-5285,N/A,12,0
4799-79-9613,N/A,12,0
4799-98-3187,N/A,12,0
4800-01-6752,N/A,12,0
4800-10-5344,N/A,12,0
5014-73-6299,N/A,11,0
5016-16-3884,N/A,12,0
5016-27-0146,N/A,12,0
4407-87-2865,N/A,12,0
4799-14-6573,N/A,12,0
4799-22-3471,N/A,12,0
4799-23-0480,N/A,12,0
4799-24-3811,N/A,12,0
4799-33-3149,N/A,11,0
4799-36-6353,N/A,12,0
4911-53-7799,N/A,12,0
4911-53-8582,N/A,12,0
4911-53-9865,N/A,12,0
5012-01-8905,N/A,12,0
4910-98-0745,N/A,12,0
4910-98-2185,N/A,12,0
4910-98-2520,N/A,12,0
4910-98-3758,N/A,12,0
4910-98-8079,N/A,12,0
4910-99-3639,N/A,12,0
4911-43-2961,N/A,12,0
5114-41-7604,N/A,11,0
5114-51-7033,N/A,12,0
5115-70-1635,N/A,12,0
4408-91-9310,N/A,12,0
4407-85-4614,N/A,12,0
4407-85-5370,N/A,12,0
4407-85-6709,N/A,12,0
4407-85-7461,N/A,12,0
4407-86-2831,N/A,12,0
4407-87-0949,N/A,12,0
4407-88-0720,N/A,12,0
4407-88-2142,N/A,12,0
4407-88-7888,N/A,12,0
4407-89-9142,N/A,12,0
4508-57-6226,N/A,11,0
4711-46-0596,N/A,11,0
4711-46-3754,N/A,12,0
4711-46-7207,N/A,11,0
4711-68-2123,N/A,11,0
4407-94-1778,N/A,12,0
4609-31-8985,N/A,11,0
4609-32-4793,N/A,12,0
4800-77-5617,N/A,11,0
4910-88-1985,N/A,12,0
4802-76-0795,N/A,12,0
4911-34-2770,N/A,12,0
4803-09-3574,N/A,12,0
4407-94-5101,N/A,12,0
4408-15-0174,N/A,11,0
4408-73-9721,N/A,12,0
4408-90-4655,N/A,12,0
4710-81-6166,N/A,12,0
4710-82-7511,N/A,12,0
4500-48-8094,N/A,12,0
4911-01-2092,N/A,12,0
4502-21-2298,N/A,12,0
4502-43-0867,N/A,11,0
4508-54-7399,N/A,11,0
4508-55-2880,N/A,12,0
4811-91-6541,N/A,12,0
4811-92-9273,N/A,12,0
4710-83-9452,N/A,12,0
4813-29-4111,N/A,12,0
4810-68-3869,N/A,12,0
4810-68-5684,N/A,12,0
4504-36-2094,N/A,12,0
4507-02-4726,N/A,12,0
4507-19-0317,N/A,12,0
4507-19-1837,N/A,12,0
4507-19-3563,N/A,12,0
4507-19-4985,N/A,12,0
4507-19-7316,N/A,12,0
4507-26-7898,N/A,11,0
4508-26-7912,N/A,12,0
4507-28-3968,N/A,12,0
4507-28-5086,N/A,12,0
4507-28-6450,N/A,12,0
4507-28-7569,N/A,12,0
4507-28-8788,N/A,12,0
4507-29-6104,N/A,12,0
4508-27-1530,N/A,12,0
4508-27-4751,N/A,12,0
4710-84-9631,N/A,12,0
4507-29-7223,N/A,12,0
4508-46-1464,N/A,12,0
4508-46-2449,N/A,12,0
4704-62-0628,N/A,12,0
4710-71-5926,N/A,12,0
4710-80-0070,N/A,12,0
4710-81-1448,N/A,12,0
4508-78-2763,N/A,12,0
4508-69-2398,N/A,12,0
4508-71-3176,N/A,11,0
4508-72-0217,N/A,12,0
4901-42-7440,N/A,11,0
4911-56-0465,N/A,12,0
4508-77-1386,N/A,12,0
4508-77-5697,N/A,12,0
4508-77-9639,N/A,12,0
4508-78-0692,N/A,12,0
4508-78-4143,N/A,12,0
4509-25-4000,N/A,12,0
4509-30-4801,N/A,11,0
4509-80-6823,N/A,12,0
4509-80-6974,N/A,12,0
4609-16-3602,N/A,12,0
4609-42-5592,N/A,12,0
4609-43-0687,N/A,12,0
4609-43-1052,N/A,12,0
4609-43-2967,N/A,12,0
4609-43-4117,N/A,12,0
4609-43-6032,N/A,12,0
4811-81-8589,N/A,12,0
4713-39-4016,N/A,12,0
4713-48-0421,N/A,12,0
4911-13-2827,N/A,12,0
4911-13-2896,N/A,12,0
4512-20-5952,N/A,12,0
4911-57-2274,N/A,12,0
4911-57-3790,N/A,12,0
4911-55-0633,N/A,12,0
4205-97-2511,N/A,11,0
4203-07-7749,N/A,11,0
4511-03-6550,N/A,12,0
4511-06-9103,N/A,12,0
4511-07-7561,N/A,12,0
4911-57-6344,N/A,12,0
4700-32-9924,N/A,12,0
4700-33-1324,N/A,12,0
4700-41-7415,N/A,12,0
4911-55-0877,N/A,12,0
4910-99-5218,N/A,12,0
4911-11-7150,N/A,12,0
4911-11-9166,N/A,12,0
4911-57-0759,N/A,12,0
4911-57-6402,N/A,12,0
4911-57-7614,N/A,12,0
5012-58-5641,N/A,12,0
5012-58-6726,N/A,12,0
4709-36-9151,N/A,12,0
4709-38-7786,N/A,11,0
4005-13-4891,N/A,12,0
4406-77-8910,N/A,12,0
4406-77-9225,N/A,12,0
4407-24-6493,N/A,12,0
4709-59-3158,N/A,11,0
4710-71-3803,N/A,12,0
4704-32-6236,N/A,11,0
5012-11-1027,N/A,12,0
5012-11-3963,N/A,12,0
4609-12-3828,N/A,12,0
4811-81-9477,N/A,12,0
4811-82-2276,N/A,12,0
4901-55-5393,N/A,11,0
4901-66-2259,N/A,12,0
4704-60-6852,N/A,12,0
4704-60-9300,N/A,12,0
4810-89-1129,N/A,12,0
4810-89-1199,N/A,12,0
5215-22-1979,N/A,11,0
5314-08-1488,N/A,12,0
4613-55-3090,N/A,12,0
4613-70-6468,N/A,12,0
4613-70-7398,N/A,12,0
4703-10-7126,N/A,12,0
4704-02-8466,N/A,12,0
4714-61-6429,N/A,12,0
4704-12-1682,N/A,11,0
4704-12-7196,N/A,12,0
4704-22-4093,N/A,11,0
4798-47-1757,N/A,12,0
5012-32-0221,N/A,12,0
5012-33-0862,N/A,12,0
4810-25-2159,N/A,12,0
4810-25-2206,N/A,12,0
4810-26-0325,N/A,11,0
4810-26-1017,N/A,11,0
4810-26-1510,N/A,12,0
4809-45-8748,N/A,12,0
4911-33-0964,N/A,12,0
4911-33-2074,N/A,12,0
4911-33-3284,N/A,12,0
4810-88-0886,N/A,12,0
4810-88-2815,N/A,12,0
4810-88-7961,N/A,12,0
4811-72-8639,N/A,12,0
4811-80-2815,N/A,12,0
4811-80-4829,N/A,12,0
4811-80-9773,N/A,12,0
4811-81-2481,N/A,12,0
4811-81-3369,N/A,12,0
4811-81-5649,N/A,12,0
4911-24-7361,N/A,12,0
4911-24-8976,N/A,12,0
4911-24-9339,N/A,12,0
4814-54-0716,N/A,12,0
4910-88-9566,N/A,12,0
4910-89-0306,N/A,11,0
4910-89-1086,N/A,12,0
4910-89-2566,N/A,12,0
4911-12-5421,N/A,12,0
4911-12-6834,N/A,12,0
4911-21-2791,N/A,12,0
4911-22-0889,N/A,12,0
4911-22-5087,N/A,11,0
4911-22-6298,N/A,12,0
4911-22-7320,N/A,12,0
4911-22-9129,N/A,12,0
4911-25-3745,N/A,12,0
4911-34-6637,N/A,12,0
4911-34-8715,N/A,12,0
4911-34-9870,N/A,12,0
4911-35-0661,N/A,12,0
4911-37-5971,N/A,12,0
4911-37-7587,N/A,12,0
4911-37-7746,N/A,12,0
4911-38-4725,N/A,12,0
4911-54-8113,N/A,12,0
4911-55-3099,N/A,12,0
4911-55-4975,N/A,12,0
4911-55-6895,N/A,12,0
4911-55-8143,N/A,12,0
4911-55-8718,N/A,12,0
4914-25-8606,N/A,11,0
4914-69-1919,N/A,12,0
4810-89-6073,N/A,11,0
4005-02-7894,N/A,12,0
4204-30-5823,N/A,11,0
4006-35-9655,N/A,12,0
3702-82-1116,N/A,12,0
4507-02-7410,N/A,12,0
4507-02-6601,N/A,12,0
3910-64-1245,N/A,12,0
3601-44-0469,N/A,12,0
3601-44-3173,N/A,12,0
4516-00-8468,N/A,12,0
4516-20-3354,N/A,12,0
4204-31-6581,N/A,12,0
4204-50-3882,N/A,12,0
4803-07-8936,N/A,12,0
3702-70-9497,N/A,12,0
4204-90-0232,N/A,12,0
4303-09-1990,N/A,12,0
4303-09-4580,N/A,12,0
4303-09-5061,N/A,12,0
4814-23-0486,N/A,11,0
4203-39-1220,N/A,12,0
4508-23-2882,N/A,12,0
4613-71-6090,N/A,12,0
4613-72-1008,N/A,12,0
3702-81-0007,N/A,12,0
3702-71-5431,N/A,12,0
4799-45-8513,N/A,12,0
3702-81-0197,N/A,12,0
3800-59-1847,N/A,12,0
4613-72-2927,N/A,12,0
4612-58-4168,N/A,12,0
4612-65-9767,N/A,12,0
4306-14-6846,N/A,12,0
4307-56-4775,N/A,12,0
4406-66-0421,N/A,12,0
4612-75-5849,N/A,12,0
4712-36-1301,N/A,11,0
4612-77-5308,N/A,12,0
5214-62-3283,N/A,12,0
4512-30-6923,N/A,11,0
3702-71-8981,N/A,12,0
4208-58-1266,N/A,12,0
4305-70-9916,N/A,12,0
4107-90-3361,N/A,11,0
3601-34-5427,N/A,11,0
4206-07-1944,N/A,12,0
4005-13-9683,N/A,12,0
4408-04-9903,N/A,12,0
4408-25-3702,N/A,12,0
3700-19-7380,N/A,12,0
4612-84-0744,N/A,12,0
4405-06-6058,N/A,12,0
4512-30-3376,N/A,11,0
4508-34-9232,N/A,12,0
3905-86-7890,N/A,11,0
4507-04-4745,N/A,12,0
4405-15-9040,N/A,12,0
4612-74-8087,N/A,12,0
4209-80-2269,N/A,12,0
4612-75-2311,N/A,11,0
4302-68-0165,N/A,12,0
4407-91-4424,N/A,12,0
4407-91-9271,N/A,12,0
3800-99-1190,N/A,12,0
4405-17-4558,N/A,12,0
4405-17-7060,N/A,12,0
4203-39-7713,N/A,12,0
4204-20-9452,N/A,12,0
4305-80-2153,N/A,12,0
4612-76-6284,N/A,12,0
5015-28-9733,N/A,12,0
3702-80-4393,N/A,12,0
4203-17-3205,N/A,11,0
4203-38-6791,N/A,12,0
4203-49-4669,N/A,12,0
4208-63-1524,N/A,11,0
4203-16-9750,N/A,12,0
4204-50-2491,N/A,12,0
5012-77-1643,N/A,12,0
4204-20-8540,N/A,12,0
4408-91-1273,N/A,12,0
4203-38-2836,N/A,12,0
4308-83-6358,N/A,11,0
4204-63-7706,N/A,12,0
4303-30-9084,N/A,12,0
4802-88-5644,N/A,12,0
4305-80-5743,N/A,11,0
4305-80-1529,N/A,12,0
4203-39-9872,N/A,12,0
4204-72-6016,N/A,11,0
3908-74-6351,N/A,12,0
3803-52-3372,N/A,11,0
4309-12-0720,N/A,12,0
3905-88-7992,N/A,12,0
3905-98-5065,N/A,11,0
3702-92-4122,N/A,12,0
4203-17-4135,N/A,12,0
4207-31-6244,N/A,12,0
4207-41-0280,N/A,12,0
4207-41-2098,N/A,12,0
4207-42-6135,N/A,12,0
4307-51-2994,N/A,12,0
4307-51-4361,N/A,12,0
4307-51-5571,N/A,12,0
4308-04-9925,N/A,11,0
4699-38-4265,N/A,12,0
4802-78-6034,N/A,11,0
4901-10-2165,N/A,12,0
4901-11-5902,N/A,12,0
4303-84-7138,N/A,12,0
4208-99-5259,N/A,12,0
3807-71-9234,N/A,12,0
4901-64-4061,N/A,12,0
3800-17-9027,N/A,12,0
4405-24-1288,N/A,12,0
4307-39-6056,N/A,12,0
4308-20-9608,N/A,12,0
3601-34-1611,N/A,11,0
4205-54-8839,N/A,11,0
4307-78-8733,N/A,12,0
4204-51-2107,N/A,12,0
4303-08-0486,N/A,12,0
4613-50-5585,N/A,12,0
4305-25-2770,N/A,12,0
4206-66-5049,N/A,12,0
4613-52-4371,N/A,12,0
4802-66-2834,N/A,12,0
4911-70-2713,N/A,12,0
4501-18-6884,N/A,12,0
4103-85-4181,N/A,12,0
4206-46-8884,N/A,12,0
4206-56-2290,N/A,12,0
4206-57-0513,N/A,12,0
4306-65-7564,N/A,12,0
4512-94-9370,N/A,12,0
4911-03-1333,N/A,11,0
4407-90-1750,N/A,12,0
4006-85-1908,N/A,12,0
4507-02-6038,N/A,11,0
4407-90-0639,N/A,12,0
4506-27-1168,N/A,12,0
4507-12-8033,N/A,12,0
4504-12-2372,N/A,12,0
4507-01-4582,N/A,12,0
4507-01-5592,N/A,12,0
4407-90-2762,N/A,12,0
4910-69-1961,N/A,12,0
4507-10-8213,N/A,12,0
4507-22-1204,N/A,12,0
4507-11-9928,N/A,12,0
4507-12-4775,N/A,12,0
4507-12-6492,N/A,12,0
4507-12-5683,N/A,12,0
4507-12-3058,N/A,12,0
4407-90-3500,N/A,11,0
4507-22-1926,N/A,12,0
4507-10-9067,N/A,12,0
4507-10-8540,N/A,12,0
4507-12-3966,N/A,12,0
4507-40-3909,N/A,12,0
4507-40-4851,N/A,12,0
4507-40-2356,N/A,12,0
4507-30-8765,N/A,12,0
4507-00-3899,N/A,12,0
4407-91-8623,N/A,12,0
4798-46-8521,N/A,12,0
4006-68-2963,N/A,11,0
4511-08-5980,N/A,12,0
4306-93-6165,N/A,12,0
4306-93-6798,N/A,12,0
4406-74-5798,N/A,11,0
4406-75-8627,N/A,11,0
5113-79-9852,N/A,12,0
4205-65-8571,N/A,12,0
4407-91-6848,N/A,12,0
4408-81-9371,N/A,12,0
3701-55-9668,N/A,12,0
4203-27-2191,N/A,12,0
4310-61-9936,N/A,12,0
4407-91-9835,N/A,12,0
4408-82-9403,N/A,12,0
4613-53-7671,N/A,11,0
3701-65-1693,N/A,12,0
4507-01-1046,N/A,12,0
3700-89-7367,N/A,12,0
4508-25-6230,N/A,12,0
4508-25-9704,N/A,12,0
4407-98-2643,N/A,11,0
4308-81-5173,N/A,12,0
4203-59-6523,N/A,12,0
4911-45-8534,N/A,11,0
4911-36-9390,N/A,12,0
4205-67-7910,N/A,12,0
4704-71-2656,N/A,11,0
3601-24-1745,N/A,11,0
4203-97-4557,N/A,12,0
4303-27-0692,N/A,12,0
4306-22-9130,N/A,12,0
4005-08-0365,N/A,12,0
4405-16-0831,N/A,12,0
4107-86-3936,N/A,12,0
4207-35-9437,N/A,12,0
4207-46-7112,N/A,12,0
4207-22-5300,N/A,12,0
4207-21-2193,N/A,12,0
4207-21-3574,N/A,12,0
4207-21-4461,N/A,12,0
4207-21-5448,N/A,12,0
4207-21-6782,N/A,12,0
4207-21-7669,N/A,12,0
4207-21-8656,N/A,12,0
4208-90-2208,N/A,12,0
4207-21-6335,N/A,12,0
4407-27-0678,N/A,12,0
4501-74-9629,N/A,12,0
4501-84-0941,N/A,12,0
4501-63-6288,N/A,12,0
4612-75-2086,N/A,11,0
4612-66-1503,N/A,12,0
3906-74-2563,N/A,12,0
4501-63-8223,N/A,12,0
4609-42-0161,N/A,12,0
4609-42-1769,N/A,12,0
4501-63-7134,N/A,11,0
4312-65-3217,N/A,12,0
4703-75-4556,N/A,11,0
4911-78-8953,N/A,12,0
4911-88-0626,N/A,12,0
4203-17-7725,N/A,11,0
4203-28-3206,N/A,11,0
4911-88-1939,N/A,12,0
4206-37-6382,N/A,12,0
4206-37-7270,N/A,12,0
4206-37-7741,N/A,12,0
4206-37-8157,N/A,12,0
4206-37-9228,N/A,12,0
4206-38-0338,N/A,12,0
4206-47-0116,N/A,12,0
4206-46-8218,N/A,12,0
4206-45-9388,N/A,12,0
4206-46-8401,N/A,12,0
4709-26-7213,N/A,12,0
4206-54-5897,N/A,12,0
4206-54-8167,N/A,12,0
4206-38-1424,N/A,12,0
4206-33-7106,N/A,12,0
4206-55-3039,N/A,12,0
4206-55-4123,N/A,12,0
4206-38-2712,N/A,12,0
4206-46-5838,N/A,12,0
4206-46-7330,N/A,12,0
4505-45-7222,N/A,12,0
4802-48-5148,N/A,12,0
4704-35-5812,N/A,12,0
4309-04-9914,N/A,12,0
4309-23-4447,N/A,11,0
4910-76-6945,N/A,12,0
4206-80-7348,N/A,12,0
4802-68-2894,N/A,12,0
4802-68-7332,N/A,11,0
4800-89-5942,N/A,12,0
4107-62-7415,N/A,12,0
4107-72-1657,N/A,12,0
4107-62-2958,N/A,11,0
4802-59-5245,N/A,11,0
4107-63-7003,N/A,12,0
4507-13-8107,N/A,12,0
4507-12-7399,N/A,12,0
4910-67-9260,N/A,12,0
4405-06-6805,N/A,12,0
4405-14-5501,N/A,11,0
4006-33-8621,N/A,11,0
4405-04-7589,N/A,11,0
4405-05-1168,N/A,11,0
4306-82-3958,N/A,12,0
4306-82-8611,N/A,12,0
4306-55-6840,N/A,12,0
4305-97-9822,N/A,12,0
4405-15-5700,N/A,12,0
4006-32-6885,N/A,12,0
4508-14-2514,N/A,12,0
4207-41-2208,N/A,12,0
4306-65-5228,N/A,12,0
4306-81-2677,N/A,12,0
4306-81-4450,N/A,12,0
4306-81-7509,N/A,12,0
4305-98-1781,N/A,12,0
4305-98-2056,N/A,12,0
4305-98-2232,N/A,12,0
4305-98-6971,N/A,12,0
4305-98-7244,N/A,12,0
4305-99-0532,N/A,12,0
4405-14-2742,N/A,11,0
4305-99-6600,N/A,12,0
4306-64-3754,N/A,12,0
4306-64-5225,N/A,12,0
4306-64-7395,N/A,12,0
4305-99-6329,N/A,12,0
4306-73-4196,N/A,12,0
4306-90-5507,N/A,12,0
4306-91-0459,N/A,12,0
4405-05-3342,N/A,11,0
4306-73-8928,N/A,12,0
4306-82-1983,N/A,12,0
4405-13-7279,N/A,11,0
4405-13-9156,N/A,11,0
4207-41-9071,N/A,11,0
4508-13-5998,N/A,12,0
4508-14-5048,N/A,12,0
4308-08-6954,N/A,12,0
3905-70-4043,N/A,12,0
4612-59-3879,N/A,12,0
4802-77-6653,N/A,12,0
4208-06-0243,N/A,12,0
4203-28-5536,N/A,11,0
4811-81-6132,N/A,12,0
3803-52-5854,N/A,12,0
4207-84-7824,N/A,12,0
3906-65-2361,N/A,12,0
3906-65-6107,N/A,12,0
3803-22-8569,N/A,12,0
4508-98-3834,N/A,12,0
3906-18-5975,N/A,12,0
4604-83-5817,N/A,11,0
4713-14-0313,N/A,12,0
4308-78-8989,N/A,12,0
3803-53-7403,N/A,10,0
4911-43-5193,N/A,11,0
4507-02-9229,N/A,12,0
4006-95-6081,N/A,12,0
3702-81-3960,N/A,11,0
4911-42-9969,N/A,12,0
4612-66-4637,N/A,10,0
4504-45-3549,N/A,12,0
4504-36-7329,N/A,12,0
4005-01-0691,N/A,12,0
3702-81-6799,N/A,11,0
4403-87-1656,N/A,12,0
3702-81-2542,N/A,10,0
3906-18-9251,N/A,12,0
4711-54-0461,N/A,12,0
4710-71-1484,N/A,12,0
4005-29-3283,N/A,10,0
3907-62-1989,N/A,12,0
4006-86-0731,N/A,11,0
4304-78-4217,N/A,10,0
4803-03-5748,N/A,12,0
4609-44-0661,N/A,10,0
4006-76-5118,N/A,12,0
4408-93-7557,N/A,12,0
4609-34-8733,N/A,10,0
4508-04-9316,N/A,11,0
4408-92-0955,N/A,11,0
4304-78-9425,N/A,12,0
4507-24-7432,N/A,12,0
4508-47-7807,N/A,10,0
4508-46-8446,N/A,12,0
4508-57-7311,N/A,12,0
4508-56-2345,N/A,12,0
4508-56-9087,N/A,12,0
4508-46-9978,N/A,10,0
4911-78-0945,N/A,12,0
4508-56-5977,N/A,10,0
4207-00-5413,N/A,11,0
4407-14-9666,N/A,12,0
4408-46-6141,N/A,12,0
3701-42-6433,N/A,12,0
4505-11-3358,N/A,12,0
4107-93-4142,N/A,12,0
4205-59-6058,N/A,12,0
3700-88-3632,N/A,12,0
4306-94-3052,N/A,12,0
4714-02-2835,N/A,11,0
4309-11-5608,N/A,12,0
3906-56-0052,N/A,12,0
4612-49-4144,N/A,12,0
4508-03-1423,N/A,12,0
4307-26-6362,N/A,12,0
4504-31-1697,N/A,11,0
3701-64-3166,N/A,12,0
4307-30-9151,N/A,12,0
4704-02-4434,N/A,12,0
3801-06-0101,N/A,12,0
4307-16-9162,N/A,12,0
4613-70-4644,N/A,12,0
4206-50-1342,N/A,12,0
4608-01-7921,N/A,12,0
4406-68-0696,N/A,12,0
4407-84-6015,N/A,11,0
4911-34-4921,N/A,12,0
4405-16-2845,N/A,12,0
4307-22-2494,N/A,12,0
4407-75-5194,N/A,12,0
4305-92-1868,N/A,11,0
4507-39-0973,N/A,12,0
4204-81-4949,N/A,11,0
4612-05-5627,N/A,12,0
4407-18-1464,N/A,11,0
4407-44-6848,N/A,12,0
3801-14-1140,N/A,12,0
4306-17-4336,N/A,12,0
4207-58-7490,N/A,12,0
4810-48-3345,N/A,11,0
4407-04-7214,N/A,12,0
4713-37-2569,N/A,12,0
4406-66-2957,N/A,12,0
4208-51-7756,N/A,12,0
4911-01-5651,N/A,11,0
4107-43-8508,N/A,12,0
4911-38-8157,N/A,12,0
4208-77-0667,N/A,12,0
4406-00-3049,N/A,12,0
4507-27-4843,N/A,12,0
4603-97-0207,N/A,12,0
4209-49-5876,N/A,12,0
4406-11-3044,N/A,12,0
4107-77-7428,N/A,12,0
4306-32-4889,N/A,12,0
3701-92-1373,N/A,12,0
5010-01-6551,N/A,12,0
3702-60-7173,N/A,12,0
4306-39-1610,N/A,12,0
4406-58-3854,N/A,12,0
4514-38-1131,N/A,12,0
3800-37-8272,N/A,12,0
4307-02-8829,N/A,12,0
4702-09-9672,N/A,12,0
3400-26-3746,N/A,11,0
4307-58-7270,N/A,12,0
4306-06-0806,N/A,12,0
4107-63-6352,N/A,11,0
4207-92-4639,N/A,12,0
4306-24-7464,N/A,12,0
4607-09-4180,N/A,12,0
4609-33-8734,N/A,12,0
4406-03-0818,N/A,12,0
4107-59-1335,N/A,12,0
4406-59-2811,N/A,12,0
4405-17-9563,N/A,12,0
3701-96-0771,N/A,12,0
4307-47-3174,N/A,12,0
4207-42-1156,N/A,12,0
4613-55-4357,N/A,12,0
4911-37-6130,N/A,12,0
4406-09-5296,N/A,12,0
4305-19-6439,N/A,12,0
4512-52-0904,N/A,12,0
4208-33-7272,N/A,12,0
3802-27-8090,N/A,12,0
4609-42-6626,N/A,12,0
4107-89-0693,N/A,12,0
4206-57-6319,N/A,12,0
4208-35-3085,N/A,12,0
4305-80-3598,N/A,11,0
4308-36-6675,N/A,12,0
4714-66-8405,N/A,11,0
4205-56-0435,N/A,11,0
4207-92-3655,N/A,12,0
3803-42-9309,N/A,12,0
4306-90-5137,N/A,12,0
4306-06-5644,N/A,11,0
4500-00-1567,N/A,11,0
4006-21-1795,N/A,12,0
4108-92-8854,N/A,12,0
4911-01-5024,N/A,12,0
4305-53-4743,N/A,12,0
5113-88-0248,N/A,12,0
4305-79-9138,N/A,12,0
4307-69-6871,N/A,11,0
4305-15-6049,N/A,12,0
4306-04-0511,N/A,12,0
4504-94-0196,N/A,12,0
4306-99-0262,N/A,12,0
4213-75-5727,N/A,12,0
4008-71-4511,N/A,11,0
4312-92-3383,N/A,12,0
3701-17-8560,N/A,12,0
4507-59-6423,N/A,12,0
4811-91-0365,N/A,12,0
4405-18-2386,N/A,12,0
4912-63-2309,N/A,11,0
4207-40-6367,N/A,11,0
4899-81-7498,N/A,11,0
4305-62-8892,N/A,12,0
4406-87-5648,N/A,12,0
4204-50-7818,N/A,12,0
4507-38-7910,N/A,11,0
4107-59-8498,N/A,12,0
4507-58-3791,N/A,11,0
4206-67-0512,N/A,12,0
4307-53-9529,N/A,12,0
4405-09-1209,N/A,12,0
4300-93-2970,N/A,11,0
4614-50-7216,N/A,12,0
4508-63-2820,N/A,12,0
4402-63-8124,N/A,12,0
4207-25-2170,N/A,12,0
4306-28-9467,N/A,12,0
4405-16-6858,N/A,12,0
3800-48-6582,N/A,12,0
3800-25-3276,N/A,12,0
4307-85-7055,N/A,12,0
3800-38-5971,N/A,12,0
4407-72-3404,N/A,12,0
4103-85-8116,N/A,11,0
4305-70-9994,N/A,12,0
4508-80-6997,N/A,11,0
4307-10-6269,N/A,12,0
3812-92-8070,N/A,12,0
3801-60-1738,N/A,12,0
4405-19-4037,N/A,12,0
4208-42-5530,N/A,12,0
4303-72-5936,N/A,12,0
4006-10-3608,N/A,11,0
4207-06-8332,N/A,12,0
4613-71-0506,N/A,12,0
4506-29-2809,N/A,11,0
5112-85-4990,N/A,11,0
3700-69-8778,N/A,12,0
4911-88-9942,N/A,12,0
4107-36-4499,N/A,11,0
4911-67-6097,N/A,12,0
4508-02-6930,N/A,12,0
4305-71-6835,N/A,12,0
4305-28-7217,N/A,12,0
4507-29-3253,N/A,12,0
3804-73-8879,N/A,11,0
4512-51-6306,N/A,12,0
4612-57-1489,N/A,12,0
4206-97-8005,N/A,12,0
4205-87-2511,N/A,12,0
4307-93-2025,N/A,12,0
4307-14-8030,N/A,11,0
4407-13-8874,N/A,12,0
4798-47-6757,N/A,12,0
4208-04-4732,N/A,12,0
4911-00-9781,N/A,12,0
3801-71-2632,N/A,12,0
4006-45-8250,N/A,12,0
4208-05-6182,N/A,12,0
4305-63-3018,N/A,12,0
4507-30-7919,N/A,12,0
4911-13-0194,N/A,12,0
4400-98-4870,N/A,12,0
4703-63-0445,N/A,12,0
3802-14-0424,N/A,11,0
4599-81-1193,N/A,12,0
4206-84-3556,N/A,12,0
4407-66-4732,N/A,12,0
3702-64-6129,N/A,12,0
4407-33-3907,N/A,12,0
4608-03-3371,N/A,11,0
4307-06-4262,N/A,12,0
4306-35-7748,N/A,12,0
4901-23-5320,N/A,12,0
4208-43-6327,N/A,12,0
4205-88-5470,N/A,12,0
4407-18-2942,N/A,12,0
4305-27-0893,N/A,12,0
4207-18-3372,N/A,12,0
4007-93-2550,N/A,12,0
3400-90-5396,N/A,11,0
4107-43-4016,N/A,12,0
4203-28-4421,N/A,12,0
4208-99-2450,N/A,11,0
4407-94-2135,N/A,12,0
3702-94-4681,N/A,12,0
4404-65-4354,N/A,11,0
4306-49-4250,N/A,12,0
4508-62-7554,N/A,12,0
3800-07-2642,N/A,12,0
4503-68-4648,N/A,11,0
4207-64-2578,N/A,12,0
4205-88-6968,N/A,12,0
4800-99-5416,N/A,12,0
4007-82-7903,N/A,12,0
4207-10-2753,N/A,12,0
3908-63-3018,N/A,12,0
4404-65-8541,N/A,11,0
3701-60-9381,N/A,12,0
4008-79-0671,N/A,11,0
4407-08-9176,N/A,12,0
4612-83-3099,N/A,11,0
3807-62-3123,N/A,11,0
4406-64-1819,N/A,12,0
3602-72-6175,N/A,12,0
3800-69-0476,N/A,12,0
4307-21-1442,N/A,12,0
4206-50-6710,N/A,11,0
5012-54-5858,N/A,11,0
3800-27-6447,N/A,12,0
4407-50-3247,N/A,12,0
4107-14-3138,N/A,12,0
4106-39-6493,N/A,12,0
3601-75-8679,N/A,11,0
3702-72-7320,N/A,12,0
3707-97-9717,N/A,12,0
3501-18-7872,N/A,12,0
4205-69-9682,N/A,12,0
4206-74-4463,N/A,12,0
4206-96-2310,N/A,12,0
4306-03-9196,N/A,11,0
4407-91-2272,N/A,12,0
3702-62-4265,N/A,12,0
4307-31-6137,N/A,12,0
3800-24-3644,N/A,12,0
4307-18-5018,N/A,12,0
4508-11-2788,N/A,11,0
4306-17-5285,N/A,12,0
4306-80-6317,N/A,11,0
4107-68-0529,N/A,12,0
4911-36-8135,N/A,12,0
3301-62-2136,N/A,12,0
4307-30-8997,N/A,12,0
4305-26-8628,N/A,12,0
3800-59-0330,N/A,12,0
4405-26-8878,N/A,12,0
4612-69-0639,N/A,11,0
4205-55-4541,N/A,12,0
4699-19-5711,N/A,12,0
4814-37-4655,N/A,12,0
4407-43-9003,N/A,12,0
4407-60-2222,N/A,12,0
4204-30-3181,N/A,12,0
3909-76-6859,N/A,12,0
4204-20-7326,N/A,12,0
3910-94-3245,N/A,12,0
3800-24-6623,N/A,12,0
4511-16-9374,N/A,12,0
4203-38-4778,N/A,12,0
4206-72-6990,N/A,12,0
4703-78-5908,N/A,12,0
3801-90-7121,N/A,11,0
4307-56-4335,N/A,12,0
4107-20-5870,N/A,12,0
4407-94-8589,N/A,12,0
3701-85-3741,N/A,12,0
4407-83-6941,N/A,11,0
4204-80-5985,N/A,12,0
4407-43-3234,N/A,12,0
4107-68-7616,N/A,12,0
4508-90-6751,N/A,11,0
4911-23-0658,N/A,12,0
4501-74-5376,N/A,12,0
3702-96-1834,N/A,12,0
4208-00-6685,N/A,12,0
4410-15-0945,N/A,12,0
4210-61-3102,N/A,12,0
4407-44-4561,N/A,12,0
4407-81-8635,N/A,12,0
4613-50-4825,N/A,11,0
4811-13-2933,N/A,12,0
4708-58-3077,N/A,12,0
4307-21-3611,N/A,12,0
4501-73-1554,N/A,12,0
4306-72-9621,N/A,12,0
4508-11-1275,N/A,12,0
4512-31-9089,N/A,12,0
3501-03-8949,N/A,12,0
4306-38-4130,N/A,12,0
4305-62-5289,N/A,12,0
3702-96-3051,N/A,12,0
4306-52-3213,N/A,12,0
4204-40-5999,N/A,12,0
4412-93-0217,N/A,12,0
3702-81-3398,N/A,11,0
4407-16-6304,N/A,12,0
4911-02-6468,N/A,12,0
3702-84-5810,N/A,12,0
4815-93-9306,N/A,11,0
4306-72-5025,N/A,12,0
4107-66-6984,N/A,12,0
4107-65-7054,N/A,12,0
4910-79-7150,N/A,12,0
4206-40-2334,N/A,11,0
4305-70-8302,N/A,12,0
4407-60-7278,N/A,11,0
4403-32-6628,N/A,12,0
4206-75-5509,N/A,11,0
4406-56-7358,N/A,12,0
3603-53-2575,N/A,12,0
3801-81-0400,N/A,12,0
4206-74-2953,N/A,12,0
4005-02-1302,N/A,12,0
3800-27-0693,N/A,12,0
4107-40-0430,N/A,12,0
4307-77-4938,N/A,12,0
4911-64-6773,N/A,11,0
3501-65-7451,N/A,12,0
3800-18-9365,N/A,12,0
4308-91-2640,N/A,12,0
4207-28-4545,N/A,12,0
4305-77-5851,N/A,12,0
4911-58-1914,N/A,12,0
4206-93-3967,N/A,12,0
3701-74-8084,N/A,12,0
4407-71-9153,N/A,12,0
3801-11-4743,N/A,12,0
4006-00-6575,N/A,12,0
4405-26-0312,N/A,12,0
5112-42-2079,N/A,12,0
4911-22-3068,N/A,12,0
4405-12-0757,N/A,11,0
4107-05-6488,N/A,12,0
4305-25-5879,N/A,12,0
4312-55-7884,N/A,12,0
4208-30-5074,N/A,12,0
4506-09-0291,N/A,12,0
4206-63-9796,N/A,11,0
3801-61-7280,N/A,11,0
4608-00-2548,N/A,11,0
4407-72-4382,N/A,12,0
4206-65-5802,N/A,12,0
4609-74-2952,N/A,11,0
4901-44-9956,N/A,12,0
4007-80-7765,N/A,12,0
4007-70-1028,N/A,12,0
3702-73-0782,N/A,12,0
4306-90-8510,N/A,12,0
4307-36-0303,N/A,12,0
3702-70-7368,N/A,12,0
4508-00-2120,N/A,11,0
4208-53-2982,N/A,12,0
4205-56-7462,N/A,12,0
4406-64-8620,N/A,12,0
3701-27-5879,N/A,12,0
4206-75-3832,N/A,12,0
4307-06-8614,N/A,12,0
4500-39-3418,N/A,12,0
4307-41-4171,N/A,12,0
4107-55-0657,N/A,12,0
4305-88-9072,N/A,12,0
4512-81-3951,N/A,12,0
4406-64-1987,N/A,12,0
4607-09-2153,N/A,12,0
4409-24-2148,N/A,12,0
4103-62-7495,N/A,12,0
3702-97-6017,N/A,12,0
3700-99-4440,N/A,12,0
4307-82-7603,N/A,12,0
3601-97-6818,N/A,11,0
4207-20-9481,N/A,12,0
4303-83-3370,N/A,12,0
4205-59-3293,N/A,12,0
4307-67-4287,N/A,12,0
3701-17-7142,N/A,12,0
3702-61-8178,N/A,12,0
4307-70-4558,N/A,12,0
4405-38-0904,N/A,11,0
5113-79-5000,N/A,12,0
4507-39-9603,N/A,12,0
4206-95-7623,N/A,12,0
4405-29-2270,N/A,12,0
4507-98-5777,N/A,12,0
4107-65-5476,N/A,12,0
4307-37-1173,N/A,12,0
3700-98-9589,N/A,12,0
4307-62-7291,N/A,12,0
4307-64-0763,N/A,12,0
4307-54-6013,N/A,12,0
4509-70-9041,N/A,12,0
4508-10-8760,N/A,12,0
4911-66-2953,N/A,12,0
4911-99-6379,N/A,12,0
3801-60-0295,N/A,12,0
3800-69-1388,N/A,12,0
4508-35-3428,N/A,12,0
3800-56-3646,N/A,11,0
4508-69-8226,N/A,12,0
4108-80-7054,N/A,12,0
4206-57-7305,N/A,12,0
4305-79-5926,N/A,11,0
4902-40-8902,N/A,11,0
4207-71-1615,N/A,12,0
3701-64-6652,N/A,12,0
4303-84-5313,N/A,12,0
4508-12-8854,N/A,12,0
4307-45-1396,N/A,12,0
4604-80-7249,N/A,12,0
4407-87-5788,N/A,12,0
4599-64-1338,N/A,12,0
3801-15-9049,N/A,12,0
4208-40-5376,N/A,12,0
4307-23-2929,N/A,12,0
4911-36-4723,N/A,12,0
4207-81-9668,N/A,12,0
4307-16-0935,N/A,12,0
4308-03-9937,N/A,12,0
4702-09-7749,N/A,12,0
4205-69-2220,N/A,12,0
4306-66-0494,N/A,12,0
4305-09-3136,N/A,12,0
4307-17-6035,N/A,12,0
5316-33-7087,N/A,11,0
4504-48-1911,N/A,12,0
4305-17-2965,N/A,12,0
4206-60-8735,N/A,12,0
5010-17-1866,N/A,12,0
3702-83-2734,N/A,12,0
3906-90-9618,N/A,11,0
4307-81-1635,N/A,12,0
4799-56-4791,N/A,12,0
3601-45-1034,N/A,12,0
3601-96-8440,N/A,12,0
4206-80-3521,N/A,12,0
3702-97-6085,N/A,12,0
4407-85-1509,N/A,12,0
4306-76-1031,N/A,12,0
4207-20-0833,N/A,11,0
4508-01-2445,N/A,12,0
4204-41-0730,N/A,12,0
4306-46-3143,N/A,12,0
4514-73-3920,N/A,12,0
4002-03-9603,N/A,11,0
4911-65-1530,N/A,12,0
4507-10-1461,N/A,10,0
4306-15-2251,N/A,12,0
4107-36-4321,N/A,12,0
4407-98-4559,N/A,12,0
4208-43-3797,N/A,12,0
4709-47-4434,N/A,11,0
3701-40-3148,N/A,12,0
4307-31-7911,N/A,12,0
4508-53-7430,N/A,11,0
4406-49-3891,N/A,12,0
3401-42-2272,N/A,11,0
4405-02-9020,N/A,11,0
3700-88-0124,N/A,12,0
5011-07-8896,N/A,11,0
3800-59-5210,N/A,12,0
3701-14-4643,N/A,12,0
3800-25-9626,N/A,12,0
4107-86-0631,N/A,12,0
4107-74-3366,N/A,12,0
4204-30-1952,N/A,12,0
4410-04-1223,N/A,12,0
4610-63-4530,N/A,11,0
4208-96-2997,N/A,12,0
4516-03-0788,N/A,12,0
4308-37-5478,N/A,12,0
4508-68-8625,N/A,12,0
4508-16-0657,N/A,12,0
4406-55-8275,N/A,12,0
4306-28-5794,N/A,12,0
4207-52-1685,N/A,12,0
5315-05-8729,N/A,11,0
4006-79-8356,N/A,11,0
4208-88-6694,N/A,12,0
4305-62-1354,N/A,12,0
4812-92-2794,N/A,11,0
4213-82-5892,N/A,12,0
4612-48-8822,N/A,12,0
4511-27-9272,N/A,12,0
4306-90-6186,N/A,12,0
4703-53-6516,N/A,12,0
4407-05-6641,N/A,12,0
3803-63-1782,N/A,11,0
4810-57-9607,N/A,12,0
3800-57-9324,N/A,12,0
3905-87-9386,N/A,12,0
4504-55-9197,N/A,12,0
4208-44-0705,N/A,12,0
4407-98-0297,N/A,12,0
3702-91-7511,N/A,12,0
4207-08-8106,N/A,12,0
4206-73-8515,N/A,12,0
5113-73-9496,N/A,11,0
4307-94-0574,N/A,12,0
3701-94-6065,N/A,12,0
4709-15-9298,N/A,12,0
4307-95-7460,N/A,12,0
3700-99-5529,N/A,12,0
4305-92-1305,N/A,11,0
4508-63-8357,N/A,12,0
4402-24-9819,N/A,12,0
3702-84-9725,N/A,12,0
5010-34-4572,N/A,12,0
4207-38-0337,N/A,12,0
4206-94-6600,N/A,12,0
4208-13-0709,N/A,12,0
4406-68-4105,N/A,12,0
4617-47-6412,N/A,12,0
4208-64-0383,N/A,12,0
3702-75-1118,N/A,11,0
4207-17-2101,N/A,11,0
4306-11-0678,N/A,12,0
4306-19-8393,N/A,12,0
4405-18-7891,N/A,12,0
4201-05-5894,N/A,11,0
3701-27-3142,N/A,12,0
4306-49-6869,N/A,12,0
4308-00-3594,N/A,12,0
4305-92-3784,N/A,11,0
4512-61-3553,N/A,12,0
4407-00-0389,N/A,12,0
3603-34-9733,N/A,12,0
4208-02-1277,N/A,12,0
4103-20-8826,N/A,11,0
3807-05-6479,N/A,12,0
4208-41-9170,N/A,12,0
4205-66-0817,N/A,12,0
4307-58-9107,N/A,12,0
4516-18-9220,N/A,12,0
4113-75-0213,N/A,12,0
4507-50-2035,N/A,12,0
3700-39-8374,N/A,11,0
3800-67-6456,N/A,12,0
4407-34-3957,N/A,12,0
4107-77-1952,N/A,12,0
4698-19-3375,N/A,12,0
4305-07-2827,N/A,12,0
4411-59-1126,N/A,12,0
3905-76-4237,N/A,12,0
4005-09-2445,N/A,11,0
4308-81-1787,N/A,12,0
4206-67-7122,N/A,12,0
4107-56-2380,N/A,12,0
4408-82-6780,N/A,12,0
4911-39-9481,N/A,12,0
4311-89-9479,N/A,12,0
3602-98-9622,N/A,12,0
4305-72-4263,N/A,11,0
4407-74-4130,N/A,12,0
4308-18-7156,N/A,12,0
4208-30-3459,N/A,12,0
3701-84-9529,N/A,12,0
4308-87-7965,N/A,12,0
4307-60-2456,N/A,12,0
4305-54-1866,N/A,12,0
4008-68-3291,N/A,12,0
3701-71-0378,N/A,12,0
3800-15-0241,N/A,12,0
4305-07-2789,N/A,11,0
4306-35-0175,N/A,12,0
3701-52-0218,N/A,12,0
3808-34-8939,N/A,11,0
3807-62-5742,N/A,11,0
3702-85-8182,N/A,12,0
4305-45-6241,N/A,12,0
3802-08-6844,N/A,12,0
4810-15-9611,N/A,12,0
4208-87-0745,N/A,12,0
4612-59-5192,N/A,11,0
4798-15-4718,N/A,12,0
4205-79-2526,N/A,12,0
4799-63-0334,N/A,12,0
4508-87-4086,N/A,12,0
4206-81-9323,N/A,12,0
4911-66-8433,N/A,12,0
4108-32-3694,N/A,12,0
4306-84-3580,N/A,12,0
4406-66-0868,N/A,12,0
4307-96-8941,N/A,12,0
4208-44-7475,N/A,12,0
4911-74-2124,N/A,12,0
4408-90-8529,N/A,12,0
4306-61-1578,N/A,12,0
3701-45-3588,N/A,12,0
4106-08-6248,N/A,12,0
4305-26-7867,N/A,11,0
4306-53-8970,N/A,12,0
4405-26-0872,N/A,11,0
3705-62-4172,N/A,12,0
4207-68-7400,N/A,12,0
4006-75-2787,N/A,11,0
4604-94-8019,N/A,12,0
4406-65-1125,N/A,12,0
3800-15-3584,N/A,12,0
4307-81-3410,N/A,12,0
4305-15-3262,N/A,12,0
4308-27-3320,N/A,12,0
4306-01-1727,N/A,12,0
4106-39-5079,N/A,12,0
4710-50-5618,N/A,11,0
3904-48-5487,N/A,11,0
4514-86-4637,N/A,12,0
4514-85-1479,N/A,11,0
3800-24-6000,N/A,11,0
4213-92-5038,N/A,12,0
4307-74-4481,N/A,12,0
4108-60-0905,N/A,12,0
3807-57-9636,N/A,12,0
3800-05-8999,N/A,12,0
4512-31-0225,N/A,12,0
4306-14-5958,N/A,12,0
4612-56-1005,N/A,12,0
4512-94-3628,N/A,12,0
4205-55-2883,N/A,12,0
4107-86-1813,N/A,12,0
3807-25-3362,N/A,12,0
4005-19-6026,N/A,12,0
4507-18-6855,N/A,12,0
4613-54-6569,N/A,11,0
4507-59-7705,N/A,12,0
4206-65-9047,N/A,12,0
4613-71-2320,N/A,12,0
4509-60-8624,N/A,12,0
4307-62-1475,N/A,12,0
4107-35-9509,N/A,12,0
4407-01-2715,N/A,12,0
4801-88-1083,N/A,12,0
3800-24-5133,N/A,12,0
4107-75-9861,N/A,12,0
4314-95-5339,N/A,11,0
3800-27-5191,N/A,12,0
4205-59-7016,N/A,12,0
4305-36-2039,N/A,12,0
4206-66-7165,N/A,11,0
4208-33-7336,N/A,12,0
4107-44-0167,N/A,12,0
4714-03-5810,N/A,11,0
4307-40-5305,N/A,12,0
4405-17-8204,N/A,12,0
4305-36-5383,N/A,12,0
3800-68-8177,N/A,12,0
3905-99-7754,N/A,12,0
4207-91-1443,N/A,12,0
3802-04-0070,N/A,12,0
3800-24-5096,N/A,11,0
4507-19-8534,N/A,12,0
4007-60-9892,N/A,11,0
4206-83-3710,N/A,11,0
4307-81-4521,N/A,12,0
4408-84-4550,N/A,12,0
4407-60-3939,N/A,12,0
4006-79-6873,N/A,12,0
4306-47-3041,N/A,11,0
4911-64-4375,N/A,12,0
3701-48-3093,N/A,12,0
5213-15-3885,N/A,12,0
4207-39-4372,N/A,12,0
3701-75-9013,N/A,12,0
3604-40-6033,N/A,12,0
3601-55-4888,N/A,11,0
4204-73-0196,N/A,12,0
4710-40-1121,N/A,12,0
4307-16-7789,N/A,12,0
4402-24-6641,N/A,12,0
3501-55-3103,N/A,12,0
4204-40-0260,N/A,12,0
4508-20-0699,N/A,12,0
3800-15-6066,N/A,12,0
4509-81-5856,N/A,11,0
4911-11-4730,N/A,12,0
3702-60-1892,N/A,12,0
3906-93-4590,N/A,12,0
4816-93-9811,N/A,12,0
4307-25-2571,N/A,12,0
4306-14-3777,N/A,12,0
4714-05-5144,N/A,12,0
5214-64-3799,N/A,12,0
4406-65-3337,N/A,11,0
4511-29-7126,N/A,12,0
4501-73-3673,N/A,12,0
4008-95-7575,N/A,11,0
4203-17-2266,N/A,11,0
4314-67-1232,N/A,12,0
4307-99-6559,N/A,12,0
4206-84-5707,N/A,12,0
3701-27-4460,N/A,12,0
4507-27-0068,N/A,12,0
3702-85-8129,N/A,12,0
4305-33-4545,N/A,12,0
4609-15-8181,N/A,12,0
3502-45-0139,N/A,12,0
4305-14-9572,N/A,12,0
4408-56-1584,N/A,12,0
4407-63-1921,N/A,12,0
4312-33-2972,N/A,12,0
4305-91-3578,N/A,11,0
4407-91-4390,N/A,12,0
4515-42-0574,N/A,12,0
4108-70-7955,N/A,12,0
4407-93-7666,N/A,12,0
4107-05-1845,N/A,12,0
4307-18-9963,N/A,12,0
4009-42-6006,N/A,12,0
4308-70-7463,N/A,12,0
4307-86-1111,N/A,12,0
4608-06-3609,N/A,11,0
3603-90-3375,N/A,12,0
4009-70-6400,N/A,12,0
4412-27-7440,N/A,11,0
4911-88-3959,N/A,12,0
4911-23-9853,N/A,12,0
4106-04-5398,N/A,11,0
4206-56-1364,N/A,12,0
4107-78-3976,N/A,12,0
4408-96-8650,N/A,11,0
4512-11-7319,N/A,12,0
4614-04-4679,N/A,11,0
4713-28-5710,N/A,12,0
4901-23-8347,N/A,12,0
5010-09-1908,N/A,12,0
4204-81-7370,N/A,12,0
4608-10-4148,N/A,12,0
4911-87-2732,N/A,12,0
4306-91-2724,N/A,12,0
4204-73-1951,N/A,12,0
4501-74-6803,N/A,12,0
4501-06-6347,N/A,12,0
4305-16-9836,N/A,12,0
4208-57-4984,N/A,12,0
4206-92-9746,N/A,12,0
4507-22-4616,N/A,11,0
4911-47-2694,N/A,12,0
3701-72-0659,N/A,12,0
3800-15-4648,N/A,12,0
4508-47-2582,N/A,12,0
5012-67-1165,N/A,12,0
4207-54-8448,N/A,12,0
4008-98-5087,N/A,12,0
4308-70-5440,N/A,12,0
4404-81-1880,N/A,12,0
4508-79-2520,N/A,12,0
4910-54-0393,N/A,11,0
4208-77-1408,N/A,11,0
4107-89-7613,N/A,12,0
4306-00-7802,N/A,12,0
4005-02-7412,N/A,12,0
4604-91-6062,N/A,11,0
3702-83-7147,N/A,12,0
4408-02-7002,N/A,11,0
4308-28-7982,N/A,12,0
4308-83-3792,N/A,12,0
4407-03-5618,N/A,11,0
4006-76-9375,N/A,12,0
4207-80-9089,N/A,12,0
4307-76-1525,N/A,12,0
3802-26-9084,N/A,12,0
4107-53-7138,N/A,12,0
4508-73-5858,N/A,11,0
4306-48-2967,N/A,12,0
4407-90-5087,N/A,12,0
4203-33-3416,N/A,11,0
4306-80-3658,N/A,12,0
4208-57-3950,N/A,12,0
4408-73-9877,N/A,12,0
4309-14-6744,N/A,12,0
4609-33-6315,N/A,12,0
4511-18-5627,N/A,12,0
3906-93-0744,N/A,12,0
4107-31-8803,N/A,12,0
4309-05-6812,N/A,12,0
4007-70-6086,N/A,12,0
4208-52-4520,N/A,12,0
4207-81-8782,N/A,12,0
3800-59-8454,N/A,12,0
4305-88-4017,N/A,12,0
4207-44-1401,N/A,12,0
4205-78-4110,N/A,12,0
4302-59-3250,N/A,12,0
3700-49-1908,N/A,12,0
4308-95-9474,N/A,12,0
4305-53-6080,N/A,11,0
4404-99-5034,N/A,12,0
4406-89-6229,N/A,12,0
4507-28-0009,N/A,12,0
4406-63-2994,N/A,12,0
3905-99-5319,N/A,12,0
4308-36-4158,N/A,12,0
4307-89-9909,N/A,12,0
4605-57-0433,N/A,12,0
4208-98-5220,N/A,12,0
4508-81-4990,N/A,11,0
4901-34-6577,N/A,12,0
3809-66-9079,N/A,12,0
4107-63-5074,N/A,12,0
4208-66-5032,N/A,12,0
4408-84-5830,N/A,12,0
4817-27-7926,N/A,12,0
4208-06-8612,N/A,12,0
4208-46-4562,N/A,12,0
4007-71-9364,N/A,12,0
4407-70-0283,N/A,12,0
4107-36-9065,N/A,12,0
3800-47-1040,N/A,12,0
4506-49-1188,N/A,12,0
4507-02-3678,N/A,12,0
3800-35-1115,N/A,12,0
4306-05-6808,N/A,12,0
4503-30-5042,N/A,12,0
3701-64-1176,N/A,12,0
5010-18-0003,N/A,12,0
4306-26-4259,N/A,11,0
3702-83-5361,N/A,12,0
4307-28-0743,N/A,11,0
4006-74-2551,N/A,12,0
4107-77-4172,N/A,12,0
4206-07-8873,N/A,11,0
4507-99-9223,N/A,12,0
4405-08-9689,N/A,12,0
4306-29-2367,N/A,12,0
4306-26-8255,N/A,12,0
3701-47-5155,N/A,12,0
4307-01-4114,N/A,12,0
4508-57-4352,N/A,12,0
3701-37-8681,N/A,12,0
4206-41-0472,N/A,11,0
4505-00-4380,N/A,12,0
4710-93-2669,N/A,11,0
4306-91-4161,N/A,12,0
3802-17-2532,N/A,12,0
3701-09-8706,N/A,12,0
4005-35-3677,N/A,12,0
3701-56-1440,N/A,12,0
4407-53-2094,N/A,12,0
3701-38-5460,N/A,12,0
4911-84-5701,N/A,11,0
3707-60-0234,N/A,12,0
4107-88-3372,N/A,12,0
3603-16-9817,N/A,12,0
4206-07-7088,N/A,12,0
4208-31-9618,N/A,12,0
4712-14-0414,N/A,12,0
4514-69-5837,N/A,12,0
4507-10-9497,N/A,12,0
4107-25-6746,N/A,12,0
4406-86-4594,N/A,12,0
4407-18-5473,N/A,12,0
3707-14-6703,N/A,12,0
4207-81-4186,N/A,11,0
4811-81-1997,N/A,12,0
4107-84-5584,N/A,12,0
4816-48-3947,N/A,12,0
4601-63-2234,N/A,12,0
4512-03-0301,N/A,12,0
4407-72-0735,N/A,12,0
4306-25-6079,N/A,12,0
4508-90-9368,N/A,11,0
3910-57-2593,N/A,11,0
5013-90-1103,N/A,11,0
5113-40-8516,N/A,11,0
4006-94-2219,N/A,12,0
4508-36-3404,N/A,12,0
4207-39-5851,N/A,12,0
3701-52-4608,N/A,12,0
3802-07-1772,N/A,12,0
3701-39-2363,N/A,12,0
4306-06-6757,N/A,12,0
4307-48-6049,N/A,11,0
3800-49-4834,N/A,12,0
4205-78-7675,N/A,12,0
5012-67-2447,N/A,12,0
4508-54-6100,N/A,12,0
4107-87-5201,N/A,12,0
3701-86-8684,N/A,12,0
4107-00-2255,N/A,12,0
4107-82-6179,N/A,11,0
4604-45-9399,N/A,11,0
4508-26-7093,N/A,12,0
4613-72-5554,N/A,12,0
4307-30-7842,N/A,12,0
4507-39-4356,N/A,12,0
5113-24-6831,N/A,12,0
4107-14-1522,N/A,12,0
4307-73-3888,N/A,12,0
4306-11-5692,N/A,11,0
4508-79-5163,N/A,12,0
3701-11-2452,N/A,12,0
4107-30-8978,N/A,12,0
4206-24-7778,N/A,12,0
4612-37-7305,N/A,12,0
4409-81-8901,N/A,11,0
4208-13-7776,N/A,12,0
4404-75-1578,N/A,12,0
4911-22-4403,N/A,12,0
3701-70-6577,N/A,12,0
3701-76-1188,N/A,12,0
4208-42-3309,N/A,11,0
4206-97-1466,N/A,12,0
4507-24-6420,N/A,12,0
4911-04-9596,N/A,12,0
4307-89-0197,N/A,12,0
4205-67-1206,N/A,12,0
4407-93-6484,N/A,12,0
4107-69-8710,N/A,12,0
4208-01-7693,N/A,12,0
4208-36-1216,N/A,12,0
4405-18-8861,N/A,12,0
3701-71-1920,N/A,12,0
4108-08-1515,N/A,12,0
4504-53-7067,N/A,12,0
4208-99-8757,N/A,11,0
3802-37-1178,N/A,12,0
3701-83-9189,N/A,12,0
4312-63-0197,N/A,12,0
4911-53-5937,N/A,12,0
4107-97-0373,N/A,12,0
4810-15-7600,N/A,12,0
4305-19-4765,N/A,12,0
4205-49-9315,N/A,12,0
3701-28-3835,N/A,12,0
4307-02-4440,N/A,12,0
4107-58-8309,N/A,12,0
4207-64-7236,N/A,11,0
4911-24-7723,N/A,12,0
3603-14-6906,N/A,12,0
3803-31-8508,N/A,11,0
4507-38-0112,N/A,12,0
4208-58-7847,N/A,12,0
4305-88-4258,N/A,12,0
4005-38-6548,N/A,12,0
4911-62-0290,N/A,12,0
3501-55-4890,N/A,12,0
4207-93-7495,N/A,12,0
4504-50-8511,N/A,11,0
4410-49-7216,N/A,12,0
4309-20-8292,N/A,11,0
4204-31-7428,N/A,12,0
3701-25-9529,N/A,12,0
4508-32-0426,N/A,12,0
4307-40-0560,N/A,12,0
4108-60-4540,N/A,12,0
4303-59-8930,N/A,11,0
4206-28-4681,N/A,12,0
4107-46-7791,N/A,12,0
4207-08-4286,N/A,12,0
4203-49-8215,N/A,12,0
4700-71-8666,N/A,12,0
4512-03-1371,N/A,12,0
4306-75-4044,N/A,12,0
4900-53-3201,N/A,12,0
4508-62-6602,N/A,11,0
4305-09-7659,N/A,12,0
4208-57-8732,N/A,11,0
4407-92-6897,N/A,12,0
4206-71-2706,N/A,12,0
3702-60-8694,N/A,12,0
4307-62-4463,N/A,12,0
4107-68-7567,N/A,12,0
3601-25-1710,N/A,12,0
4208-67-5364,N/A,12,0
4305-91-5595,N/A,11,0
4205-76-0646,N/A,12,0
4107-99-2053,N/A,12,0
5012-12-9037,N/A,12,0
4406-01-5582,N/A,11,0
4307-85-7314,N/A,12,0
4407-44-1150,N/A,12,0
4408-83-6298,N/A,12,0
4417-94-4221,N/A,12,0
3802-37-2025,N/A,12,0
3701-42-6103,N/A,12,0
4107-05-4066,N/A,12,0
3800-58-4398,N/A,12,0
4507-47-0251,N/A,11,0
4407-01-1401,N/A,12,0
4509-22-5140,N/A,11,0
4307-68-3145,N/A,12,0
4407-27-5102,N/A,12,0
4305-61-3372,N/A,12,0
4208-23-3002,N/A,12,0
4911-12-9761,N/A,12,0
4204-42-5704,N/A,12,0
4508-48-0904,N/A,12,0
4306-20-6142,N/A,12,0
4612-47-9487,N/A,12,0
4206-77-0868,N/A,12,0
4505-66-3213,N/A,12,0
4407-43-2123,N/A,12,0
4407-53-0963,N/A,12,0
4305-50-2877,N/A,12,0
4308-37-0211,N/A,12,0
4307-10-4594,N/A,12,0
4603-88-1550,N/A,12,0
4408-92-7561,N/A,12,0
4901-56-9331,N/A,12,0
4509-50-4869,N/A,11,0
4313-51-5756,N/A,12,0
3701-38-2723,N/A,12,0
4604-63-8976,N/A,11,0
4206-85-5447,N/A,12,0
4305-80-5480,N/A,12,0
4911-34-7504,N/A,12,0
4407-63-7520,N/A,12,0
3908-72-0593,N/A,12,0
4416-49-8744,N/A,12,0
3701-95-4158,N/A,12,0
4107-66-2175,N/A,12,0
4911-36-7461,N/A,11,0
4106-88-8306,N/A,12,0
4309-20-4673,N/A,12,0
4307-54-8483,N/A,12,0
4406-48-4874,N/A,12,0
4307-77-0939,N/A,12,0
4510-26-5009,N/A,11,0
4207-63-2387,N/A,12,0
4305-15-5436,N/A,12,0
4810-78-4736,N/A,12,0
4005-36-5580,N/A,12,0
4206-81-6349,N/A,12,0
4007-71-0789,N/A,12,0
4107-97-3880,N/A,12,0
4306-63-7034,N/A,12,0
4507-04-2824,N/A,12,0
4307-31-9831,N/A,11,0
4307-30-0380,N/A,12,0
4206-75-1414,N/A,12,0
4306-13-1257,N/A,12,0
4507-29-4371,N/A,12,0
4406-75-2429,N/A,12,0
4407-16-1845,N/A,12,0
3701-47-3230,N/A,12,0
4208-75-2902,N/A,12,0
3701-52-2992,N/A,12,0
4506-26-6160,N/A,11,3
4507-25-4616,N/A,11,2
4499-49-8614,N/A,11,4
3601-04-5684,N/A,12,5
4501-74-7593,N/A,12,5
4006-89-6519,N/A,11,4
5012-44-9531,N/A,11,6
4205-55-3565,N/A,11,5
4207-54-1744,N/A,11,4
4307-84-1349,N/A,11,5
4507-24-9054,N/A,11,5
4810-46-2984,N/A,11,5
3701-98-4125,N/A,12,6
4207-29-5337,N/A,11,4
4107-97-2204,N/A,11,4
4305-97-0564,N/A,11,5
3702-85-2233,N/A,11,4
4101-37-7419,N/A,11,5
4107-04-5136,N/A,11,4
4512-02-4913,N/A,11,5
4006-34-7664,N/A,11,4
4710-91-5019,N/A,11,5
3901-34-9781,N/A,11,4
4205-67-6491,N/A,11,5
4309-00-4431,N/A,11,5
3601-34-9328,N/A,10,5
4107-11-4877,N/A,11,4
3802-27-2761,N/A,11,4
3702-58-6469,N/A,11,5
3904-46-7417,N/A,11,5
4306-46-5439,N/A,11,4
3800-25-5658,N/A,12,0
